EmployeeID,First_Name,Last_Name,Age,Gender,Ethnicity,Department,Role,Hire_Date,Termination_Date
172,John,Miller,34,Female,White,IT,Senior Analyst,3/7/2011,12/11/2017
209,Ava,Johnson,28,Female,Other,Sales,Manager,9/1/2015,5/17/2016
517,David,Johnson,46,Female,Asian,Sales,Manager,4/25/2012,1/20/2017
117,Ava,Brown,48,Female,White,IT,Director,7/14/2012,6/4/2019
493,Olivia,Wilson,42,Female,Asian,Marketing,Manager,3/29/2013,9/29/2018
370,Chris,Davis,57,Female,Black,Operations,Director,1/2/2010,
770,John,Davis,38,Male,White,Operations,Director,1/5/2010,
654,Michael,Smith,41,Male,White,Customer Service,Manager,1/19/2010,
968,Sarah,Smith,61,Male,Hispanic,Finance,Director,1/19/2010,
309,Chris,Miller,31,Male,Black,Operations,Manager,1/21/2010,9/23/2019
718,John,Smith,60,Female,Other,Finance,Associate,1/25/2010,
391,Daniel,Brown,57,Female,Other,Customer Service,Senior Analyst,1/27/2010,
964,Chris,Wilson,21,Male,Other,Finance,Senior Analyst,2/14/2010,
290,John,Jones,25,Female,Black,Operations,Director,2/21/2010,
350,Sarah,Brown,21,Male,Asian,IT,Associate,3/2/2010,
25,Daniel,Davis,24,Female,White,Operations,Coordinator,3/8/2010,
553,Olivia,Johnson,40,Male,White,Customer Service,Director,3/9/2010,
703,Sarah,Smith,43,Male,Hispanic,Operations,Senior Analyst,3/11/2010,
40,Emily,Smith,39,Male,Hispanic,HR,Senior Analyst,3/14/2010,
582,Olivia,Davis,48,Female,White,Customer Service,Associate,3/19/2010,
462,John,Miller,64,Male,Hispanic,Customer Service,Senior Analyst,3/20/2010,3/31/2017
310,John,Davis,35,Male,Black,Sales,Manager,3/24/2010,
991,Olivia,Jones,62,Male,White,Sales,Senior Analyst,3/26/2010,
849,Olivia,Williams,45,Male,Other,Operations,Associate,4/9/2010,
715,Chris,Jones,25,Male,Hispanic,Sales,Analyst,4/20/2010,
91,Michael,Brown,35,Female,Hispanic,IT,Associate,4/21/2010,10/27/2019
162,Olivia,Miller,57,Female,White,Finance,Director,4/26/2010,
328,Olivia,Wilson,38,Male,Other,IT,Associate,5/2/2010,
373,Emily,Brown,39,Female,Asian,HR,Senior Analyst,5/5/2010,
379,Ava,Smith,39,Female,Black,HR,Director,5/9/2010,
445,Olivia,Smith,23,Male,White,HR,Analyst,5/10/2010,5/19/2015
747,Ava,Jones,34,Female,Other,HR,Director,5/19/2010,
11,Emily,Jones,29,Male,Other,IT,Director,5/23/2010,
608,Olivia,Smith,39,Male,Hispanic,Sales,Analyst,5/23/2010,
533,David,Wilson,,Male,Other,Human Res,Analyst,5/24/2010,
283,Emma,Johnson,22,Female,White,Sales,Coordinator,5/26/2010,
485,Olivia,Brown,40,Female,White,HR,Analyst,6/1/2010,
509,Emily,Brown,41,Female,White,Finance,Senior Analyst,6/3/2010,4/8/2020
502,John,Wilson,54,Female,Other,HR,Coordinator,6/4/2010,12/18/2023
498,Chris,Smith,53,Male,Other,IT,Senior Analyst,6/6/2010,
957,Emily,Williams,56,Female,Other,Operations,Analyst,6/14/2010,
268,Emily,Wilson,55,Female,Black,Sales,Senior Analyst,6/20/2010,
746,Sarah,Davis,24,Male,White,Operations,Director,6/26/2010,
52,John,Smith,52,Male,White,HR,Associate,6/28/2010,
346,Olivia,Smith,56,Female,Asian,Marketing,Associate,6/28/2010,
722,Olivia,Miller,35,Male,Black,Customer Service,Analyst,6/29/2010,
132,Chris,Johnson,36,Female,Hispanic,HR,Senior Analyst,7/10/2010,3/1/2024
287,Sarah,Davis,46,Male,Asian,Operations,Associate,7/12/2010,
748,Michael,Jones,61,Non-Binary,Black,IT,Senior Analyst,7/13/2010,
850,Emma,Davis,30,Female,White,Customer Service,Associate,7/16/2010,
41,Daniel,Smith,56,Male,Hispanic,Marketing,Senior Analyst,7/18/2010,
244,Olivia,Johnson,26,Female,Other,Customer Service,Associate,8/4/2010,
872,John,Smith,26,Female,Asian,Operations,Director,8/9/2010,
894,David,Smith,24,Female,Hispanic,Finanace,Associate,8/14/2010,
267,John,Smith,52,Male,Other,Customer Service,Manager,8/17/2010,
723,John,Brown,39,Female,White,Operations,Analyst,8/20/2010,
588,David,Smith,49,Female,White,Operations,Manager,8/26/2010,
304,David,Johnson,63,Female,White,IT,Coordinator,8/29/2010,3/16/2021
700,Michael,Brown,52,Female,Asian,Operations,Manager,8/30/2010,
926,Daniel,Davis,26,Male,Other,Finance,Coordinator,9/4/2010,
440,Olivia,Miller,52,Male,Asian,Finance,Director,9/8/2010,7/12/2015
909,Michael,Wilson,39,Male,White,Marketing,Coordinator,9/8/2010,
794,Michael,Davis,60,Non-Binary,Hispanic,HR,Manager,9/11/2010,
812,Daniel,Brown,35,Female,White,IT,Associate,9/12/2010,
834,Emma,Smith,62,Male,Black,IT,Analyst,9/12/2010,
839,Emily,Miller,25,Female,Hispanic,Finance,Manager,9/13/2010,
232,John,Johnson,33,Female,Asian,IT,Director,9/22/2010,
10,David,Williams,26,Female,Black,Marketing,Manager,9/29/2010,
593,Michael,Wilson,22,Female,Black,Sales,Senior Analyst,10/5/2010,
439,Emily,Johnson,47,Female,Asian,Customer Service,Manager,10/11/2010,2/24/2018
269,John,Johnson,64,Female,Black,HR,Manager,10/22/2010,
550,David,Davis,55,Male,Hispanic,Marketing,Manager,10/28/2010,
743,Daniel,Johnson,35,Male,White,HR,Associate,11/5/2010,
73,Sarah,Wilson,44,Male,Hispanic,Marketing,Director,11/21/2010,1/26/2023
367,Olivia,Williams,36,Female,Hispanic,Customer Service,Director,11/23/2010,
796,Chris,Johnson,43,Male,Hispanic,Sales,Director,11/25/2010,
658,Emma,Williams,56,Male,Other,Marketing,Coordinator,11/26/2010,
725,John,Williams,48,Male,Other,Operations,Director,12/9/2010,
744,Michael,Williams,23,Male,Black,Finance,Coordinator,12/9/2010,
461,Chris,Brown,42,Male,Black,Customer Service,Associate,12/10/2010,
515,Michael,Jones,23,Male,Hispanic,Operations,Analyst,12/17/2010,2/13/2020
184,John,Brown,43,Female,Other,Marketing,Coordinator,12/18/2010,
633,Daniel,Brown,48,Male,Asian,IT,Analyst,12/30/2010,
969,Ava,Davis,64,Female,Black,IT,Senior Analyst,12/31/2010,
160,Olivia,Williams,22,Male,Other,HR,Director,1/7/2011,2/12/2019
697,David,Wilson,44,Male,Hispanic,HR,Analyst,1/13/2011,
137,Daniel,Johnson,50,Male,Other,Operations,Coordinator,1/14/2011,
154,Olivia,Wilson,48,Male,White,Marketing,Associate,1/18/2011,
558,Chris,Smith,45,Female,White,Marketing,Associate,2/2/2011,
962,John,Davis,59,Male,White,Marketing,Coordinator,2/7/2011,
963,David,Brown,55,Male,Hispanic,Marketing,Associate,2/18/2011,
860,Daniel,Jones,42,Male,Asian,Sales,Coordinator,2/26/2011,
271,Emily,Smith,46,Male,Other,IT,Senior Analyst,3/2/2011,
917,Michael,Davis,39,Male,Asian,Marketing,Director,3/9/2011,
899,Emma,Brown,57,Female,Other,Finance,Director,3/10/2011,
745,Michael,Johnson,56,Female,Asian,HR,Associate,3/12/2011,
380,Michael,Smith,56,Male,Other,HR,Associate,3/14/2011,
464,Olivia,Johnson,25,Female,Other,Customer Service,Senior Analyst,3/17/2011,8/20/2016
219,Sarah,Brown,51,Female,Hispanic,IT,Director,3/18/2011,
606,Daniel,Johnson,29,Male,White,IT,Manager,3/19/2011,
163,Daniel,Miller,40,Female,Other,Sales,Senior Analyst,3/23/2011,
981,Emily,Johnson,42,Female,White,Operations,Manager,3/29/2011,
34,Michael,Jones,38,Male,Asian,Sales,Manager,3/30/2011,5/13/2015
728,David,Brown,25,Male,Other,IT,Director,3/31/2011,
143,Daniel,Davis,63,Female,Other,Marketing,Analyst,4/9/2011,
625,John,Brown,49,Male,Black,Finance,Coordinator,4/17/2011,
686,Sarah,Smith,,Female,Black,IT,Director,4/23/2011,
2,Emily,Miller,54,Male,Other,Marketing,Manager,4/24/2011,
349,Sarah,Wilson,27,Female,White,Finance,Coordinator,5/7/2011,
489,Emily,Miller,50,Male,Asian,IT,Coordinator,5/11/2011,
276,John,Brown,30,Female,Black,Finance,Manager,5/14/2011,
243,Emily,Smith,39,Male,Other,HR,Analyst,5/28/2011,
3,Olivia,Wilson,62,Male,Other,HR,Director,5/31/2011,
595,Emily,Jones,39,Male,Black,Customer Service,Analyst,6/8/2011,
358,Ava,Jones,29,Male,Asian,Customer Service,Coordinator,6/19/2011,
612,Olivia,Davis,29,Female,Asian,IT,Director,6/19/2011,
318,Olivia,Miller,24,Female,White,HR,Manager,6/21/2011,11/17/2016
863,Ava,Jones,32,Male,Asian,Customer Service,Director,6/29/2011,
191,Emily,Brown,28,Male,Hispanic,Customer Service,Associate,6/30/2011,
409,Michael,Smith,62,Male,Hispanic,Operations,Director,6/30/2011,
636,Olivia,Davis,27,Female,Other,Customer Service,Analyst,6/30/2011,
766,Daniel,Brown,30,Male,Hispanic,HR,Manager,6/30/2011,
973,Emma,Davis,45,Female,White,HR,Senior Analyst,6/30/2011,
627,Emily,Brown,58,Male,Hispanic,Finance,Director,7/1/2011,
392,David,Brown,35,Male,Black,Marketing,Coordinator,7/2/2011,
37,Daniel,Williams,32,Female,White,Operations,Senior Analyst,7/3/2011,
563,Michael,Miller,21,Male,Black,Operations,Senior Analyst,7/10/2011,
492,Chris,Miller,26,Female,Black,Marketing,Manager,7/11/2011,
394,Ava,Jones,48,Non-Binary,Black,IT,Associate,7/21/2011,
857,Olivia,Wilson,33,Male,Asian,Sales,Senior Analyst,7/24/2011,
44,Daniel,Miller,52,Male,Other,Operations,Coordinator,7/26/2011,
888,Ava,Wilson,30,Male,Hispanic,Sales,Analyst,7/27/2011,
972,John,Wilson,44,Male,Asian,Sales,Associate,8/3/2011,
355,Ava,Wilson,41,Male,Hispanic,Finance,Associate,8/9/2011,
486,Michael,Wilson,60,Female,Hispanic,Customer Service,Coordinator,8/9/2011,
947,Michael,Johnson,62,Female,Other,Customer Service,Senior Analyst,8/11/2011,
734,Daniel,Miller,52,Female,Asian,Sales,Manager,8/19/2011,
222,Daniel,Williams,25,Male,Asian,Marketing,Director,8/20/2011,
161,Emma,Smith,29,Female,Black,Sales,Director,9/3/2011,
314,Ava,Williams,42,Female,Asian,HR,Analyst,9/3/2011,
140,Emily,Williams,25,Female,Hispanic,Sales,Senior Analyst,9/8/2011,
417,Ava,Wilson,46,Female,Other,Customer Service,Director,9/9/2011,
16,David,Johnson,32,Male,White,IT,Senior Analyst,9/15/2011,5/27/2018
655,John,Brown,38,Female,Other,Finance,Director,10/4/2011,
519,Michael,Wilson,38,Female,Hispanic,Operations,Associate,10/5/2011,
805,Daniel,Davis,48,Male,White,Sales,Senior Analyst,10/17/2011,
870,Michael,Brown,36,Male,Other,Operations,Senior Analyst,10/17/2011,
521,Emily,Brown,55,Male,White,Marketing,Senior Analyst,10/28/2011,
438,David,Jones,64,Male,Other,Sales,Analyst,10/29/2011,
427,Emma,Wilson,23,Female,Other,IT,Director,11/1/2011,
118,Chris,Brown,22,Female,Hispanic,Sales,Senior Analyst,11/19/2011,
151,Michael,Miller,32,Female,White,Sales,Director,11/21/2011,
395,Ava,Williams,27,Male,Hispanic,Marketing,Senior Analyst,12/5/2011,
943,Olivia,Jones,50,Male,Other,Marketing,Associate,12/8/2011,
434,Michael,Miller,24,Male,Black,Sales,Analyst,12/21/2011,
551,Emma,Wilson,38,Male,Other,HR,Analyst,12/25/2011,
63,Sarah,Johnson,50,Male,Hispanic,Finance,Coordinator,1/2/2012,
55,Olivia,Smith,48,Female,Asian,IT,Associate,1/5/2012,
499,Daniel,Jones,36,Male,Asian,Marketing,Senior Analyst,1/5/2012,
721,Ava,Williams,31,Female,Hispanic,Finance,Senior Analyst,1/8/2012,
672,John,Wilson,58,Male,Asian,IT,Associate,1/10/2012,
681,Sarah,Wilson,21,Male,White,Customer Service,Senior Analyst,1/22/2012,
946,Chris,Wilson,39,Female,Other,Customer Service,Director,1/24/2012,
711,Daniel,Brown,44,Male,White,IT,Coordinator,1/26/2012,
806,John,Wilson,49,Male,Other,Finance,Senior Analyst,1/30/2012,
868,Emma,Smith,40,Female,White,Customer Service,Senior Analyst,2/7/2012,
897,Daniel,Wilson,23,Male,Other,HR,Manager,2/11/2012,
660,David,Smith,55,Female,Other,Marketing,Senior Analyst,2/13/2012,
514,Emily,Miller,31,Male,Hispanic,Sales,Coordinator,2/26/2012,
14,Michael,Wilson,52,Female,White,IT,Coordinator,2/27/2012,
57,Sarah,Johnson,55,Male,Black,IT,Director,2/27/2012,
45,Ava,Brown,64,Female,Other,Finance,Analyst,3/1/2012,
56,Emily,Jones,30,Male,Asian,Marketing,Senior Analyst,3/9/2012,
707,Sarah,Wilson,28,Female,Hispanic,Operations,Manager,3/11/2012,
402,John,Brown,45,Male,Other,Marketing,Associate,3/16/2012,2/10/2020
604,Michael,Johnson,51,Female,Hispanic,HR,Senior Analyst,3/26/2012,
279,Emma,Johnson,23,Female,Asian,Finance,Associate,4/5/2012,
189,Emma,Wilson,36,Male,Asian,IT,Director,4/11/2012,5/6/2022
919,David,Miller,50,Female,White,Operations,Director,4/15/2012,
682,Olivia,Jones,22,Male,Asian,Operations,Associate,5/3/2012,
224,Sarah,Johnson,46,Male,Hispanic,HR,Analyst,5/11/2012,
648,Daniel,Smith,59,Male,White,HR,Manager,5/15/2012,
659,John,Johnson,37,Non-Binary,Asian,Marketing,Associate,5/15/2012,
905,David,Jones,38,Female,Other,IT,Senior Analyst,5/15/2012,
967,Emma,Williams,26,Male,Other,HR,Manager,5/17/2012,
645,John,Jones,41,Female,Hispanic,Operations,Associate,5/20/2012,
678,John,Davis,37,Male,White,Human Res,Coordinator,5/23/2012,
852,Emily,Brown,59,Female,Asian,Marketing,Manager,5/27/2012,
988,David,Jones,36,Female,Hispanic,HR,Manager,5/30/2012,
643,John,Williams,58,Female,Asian,IT,Coordinator,6/1/2012,
195,Emma,Wilson,49,Female,Other,IT,Associate,6/7/2012,
469,Michael,Brown,62,Male,Asian,Operations,Associate,6/7/2012,
621,Emily,Williams,60,Non-Binary,Hispanic,Customer Service,Senior Analyst,6/7/2012,
77,Daniel,Brown,54,Female,White,Marketing,Analyst,6/12/2012,5/22/2023
347,Michael,Brown,40,Female,Hispanic,Customer Service,Manager,6/15/2012,
922,Ava,Williams,48,Female,Hispanic,Sales,Coordinator,6/16/2012,
385,Chris,Jones,64,Female,Asian,IT,Analyst,6/20/2012,1/8/2018
487,John,Johnson,64,Male,Hispanic,Customer Service,Senior Analyst,7/1/2012,3/13/2018
106,David,Williams,58,Male,Black,HR,Coordinator,7/2/2012,
274,Chris,Davis,28,Female,Black,Marketing,Coordinator,7/7/2012,7/23/2023
914,Olivia,Davis,58,Male,Black,Marketing,Director,7/7/2012,
701,Chris,Jones,64,Male,Hispanic,HR,Senior Analyst,7/8/2012,
202,John,Jones,46,Female,Hispanic,IT,Associate,7/9/2012,
484,Daniel,Jones,25,Female,Other,IT,Coordinator,7/13/2012,
930,Chris,Miller,35,Female,Hispanic,Marketing,Manager,7/15/2012,
217,Olivia,Wilson,21,Female,Hispanic,IT,Manager,7/27/2012,
752,Sarah,Wilson,41,Female,Hispanic,HR,Coordinator,7/31/2012,
313,Daniel,Johnson,33,Female,Other,Operations,Coordinator,8/8/2012,
759,Daniel,Wilson,52,Female,Asian,Marketing,Analyst,8/11/2012,
640,Olivia,Miller,22,Male,White,Sales,Associate,8/20/2012,
144,Chris,Davis,32,Female,Other,Operations,Coordinator,8/24/2012,
101,Sarah,Smith,34,Female,White,HR,Associate,8/30/2012,
183,John,Jones,63,Female,Asian,IT,Associate,9/10/2012,7/10/2024
326,Ava,Johnson,56,Male,Black,IT,Coordinator,9/15/2012,7/5/2016
832,John,Jones,57,Female,Black,Customer Service,Director,9/16/2012,
928,Olivia,Smith,40,Female,White,HR,Coordinator,9/17/2012,
451,David,Miller,43,Male,Other,Finance,Coordinator,9/19/2012,
503,John,Jones,34,Male,White,Sales,Associate,9/23/2012,
363,Emma,Miller,,Male,Other,Sales,Coordinator,10/1/2012,
840,Olivia,Miller,23,Male,Asian,IT,Associate,10/4/2012,
825,Emily,Brown,39,Female,Asian,Customer Service,Manager,10/5/2012,
877,Emma,Johnson,40,Female,Black,Customer Service,Coordinator,10/10/2012,
716,Ava,Brown,40,Female,Asian,IT,Director,10/13/2012,
190,Chris,Johnson,62,Male,Black,Customer Service,Senior Analyst,10/21/2012,9/11/2015
102,John,Smith,34,Male,White,HR,Director,10/27/2012,
615,Ava,Davis,36,Female,Black,Finance,Senior Analyst,10/29/2012,
371,Emily,Brown,24,Female,Other,Finance,Coordinator,10/30/2012,
213,Chris,Smith,28,Female,Black,Finance,Associate,11/11/2012,
518,David,Wilson,24,Female,Asian,IT,Associate,11/18/2012,9/18/2016
859,Michael,Jones,56,Female,Hispanic,HR,Senior Analyst,12/1/2012,
390,Chris,Miller,42,Female,Hispanic,Operations,Director,12/3/2012,
526,Daniel,Davis,57,Female,Other,Sales,Director,12/5/2012,
171,Michael,Smith,53,Male,Asian,HR,Director,12/9/2012,
934,John,Jones,59,Male,White,Sales,Analyst,12/10/2012,
351,Chris,Davis,64,Male,Hispanic,IT,Associate,12/13/2012,
262,Sarah,Smith,41,Female,Hispanic,IT,Manager,12/15/2012,
575,Daniel,Jones,24,Female,Other,HR,Director,1/7/2013,
374,Michael,Johnson,56,Female,White,Sales,Associate,1/9/2013,
196,Olivia,Wilson,52,Female,Asian,Operations,Coordinator,1/10/2013,
477,Emily,Wilson,,Male,Hispanic,Operations,Coordinator,1/22/2013,
254,Olivia,Johnson,27,Female,Other,Operations,Analyst,2/2/2013,3/18/2021
64,Ava,Brown,41,Male,Hispanic,Customer Service,Associate,2/3/2013,12/1/2024
783,Sarah,Davis,55,Male,Black,Finance,Manager,2/5/2013,
335,Ava,Jones,31,Male,White,Operations,Coordinator,2/7/2013,
676,Michael,Johnson,33,Female,Black,Marketing,Associate,2/9/2013,
29,Chris,Brown,23,Male,Other,IT,Manager,2/14/2013,
530,Ava,Jones,58,Male,White,Sales,Director,2/26/2013,
561,Emily,Jones,51,Female,Hispanic,Human Res,Coordinator,3/9/2013,
90,Michael,Miller,41,Female,Other,Marketing,Analyst,3/13/2013,
994,Olivia,Davis,26,Male,Black,Customer Service,Associate,3/14/2013,
620,Daniel,Brown,59,Male,Black,Marketing,Senior Analyst,3/18/2013,
915,Daniel,Miller,51,Female,Asian,Finanace,Director,3/19/2013,
49,Chris,Miller,39,Male,Hispanic,Marketing,Associate,3/20/2013,
508,John,Miller,61,Non-Binary,Other,Customer Service,Senior Analyst,3/23/2013,
33,David,Jones,31,Female,White,HR,Director,4/2/2013,9/20/2023
116,David,Miller,45,Female,White,Sales,Senior Analyst,4/4/2013,
5,Chris,Brown,,Female,Black,Marketing,Senior Analyst,4/6/2013,9/8/2019
419,David,Brown,62,Male,Hispanic,Sales,Senior Analyst,4/18/2013,
862,Olivia,Wilson,46,Male,White,Customer Service,Coordinator,4/19/2013,
120,Daniel,Brown,57,Male,White,Finance,Associate,4/22/2013,
529,Ava,Davis,62,Male,Hispanic,Finance,Analyst,4/27/2013,
72,David,Smith,40,Male,Other,IT,Senior Analyst,4/30/2013,
987,Ava,Smith,30,Male,Other,Marketing,Director,5/1/2013,
384,Ava,Smith,55,Female,Black,HR,Analyst,5/6/2013,
866,Emma,Davis,34,Male,Hispanic,Customer Service,Director,5/8/2013,
334,Chris,Brown,50,Female,Asian,Finance,Director,5/15/2013,
823,David,Wilson,53,Male,Asian,Operations,Coordinator,5/29/2013,
693,David,Brown,28,Female,Hispanic,IT,Coordinator,6/23/2013,
778,Olivia,Williams,40,Male,Asian,IT,Manager,6/27/2013,
187,David,Williams,40,Male,Black,Marketing,Senior Analyst,7/3/2013,
98,Chris,Miller,43,Male,White,IT,Senior Analyst,7/20/2013,
577,John,Williams,35,Male,White,Marketing,Coordinator,7/23/2013,
336,Michael,Williams,27,Male,White,Operations,Director,7/25/2013,
760,Ava,Miller,51,Non-Binary,Asian,Operations,Coordinator,7/26/2013,
113,David,Wilson,59,Female,Other,Finance,Analyst,7/31/2013,
330,Daniel,Williams,33,Female,Other,Operations,Manager,8/10/2013,
713,John,Wilson,44,Non-Binary,Hispanic,Operations,Manager,8/14/2013,
685,Ava,Jones,30,Female,Black,Sales,Coordinator,8/22/2013,
889,Sarah,Brown,58,Male,White,Sales,Analyst,8/25/2013,
948,Emma,Davis,55,Female,Black,IT,Analyst,8/27/2013,
134,Emma,Davis,49,Female,White,Marketing,Senior Analyst,8/28/2013,
166,John,Johnson,21,Female,Hispanic,Marketing,Coordinator,9/2/2013,
471,Chris,Brown,36,Female,Asian,IT,Coordinator,9/3/2013,
404,David,Williams,55,Female,Black,Operations,Associate,9/19/2013,
543,Olivia,Williams,29,Female,Hispanic,Sales,Associate,9/19/2013,
546,Sarah,Davis,55,Male,White,Customer Service,Manager,9/19/2013,
773,John,Smith,60,Female,Black,Finance,Manager,9/24/2013,
481,Emily,Jones,43,Female,Asian,Operations,Manager,9/26/2013,5/6/2021
983,Michael,Smith,27,Male,Hispanic,Operations,Analyst,10/13/2013,
855,Emma,Davis,22,Male,Hispanic,Marketing,Coordinator,10/20/2013,
78,Daniel,Brown,56,Female,White,Marketing,Coordinator,10/22/2013,
164,Emily,Williams,46,Female,Asian,IT,Coordinator,10/23/2013,
405,Emma,Brown,27,Male,Asian,HR,Director,10/31/2013,10/17/2017
307,Emily,Brown,45,Male,White,Operations,Senior Analyst,11/8/2013,2/2/2021
610,Olivia,Brown,55,Male,Hispanic,Customer Service,Manager,11/11/2013,
617,Ava,Miller,53,Female,Asian,HR,Manager,11/11/2013,
8,Chris,Williams,26,Male,Hispanic,Customer Service,Associate,11/12/2013,
158,Michael,Davis,40,Male,Hispanic,Operations,Coordinator,11/13/2013,11/26/2022
800,Daniel,Johnson,42,Female,White,Finance,Manager,11/21/2013,
362,Ava,Williams,30,Male,Hispanic,Marketing,Coordinator,11/26/2013,8/22/2015
885,Ava,Johnson,60,Female,White,Marketing,Manager,12/14/2013,
237,Chris,Williams,31,Male,Hispanic,Finance,Senior Analyst,12/16/2013,
231,Emily,Miller,45,Female,Asian,IT,Analyst,12/20/2013,
109,Emma,Wilson,59,Female,White,Sales,Manager,1/2/2014,
235,David,Miller,51,Male,Black,Marketing,Director,1/2/2014,
444,Emily,Miller,,Female,White,Customer Service,Senior Analyst,1/5/2014,
984,Michael,Johnson,55,Male,Hispanic,Marketing,Director,1/7/2014,
696,Chris,Wilson,43,Female,Asian,Sales,Manager,1/9/2014,
574,Olivia,Jones,54,Male,Asian,HR,Senior Analyst,1/20/2014,
76,Ava,Williams,56,Female,White,HR,Associate,1/30/2014,
223,Daniel,Johnson,61,Male,Other,Marketing,Manager,2/14/2014,5/5/2022
339,Olivia,Jones,30,Male,Black,Sales,Director,2/14/2014,
170,Sarah,Smith,25,Male,White,HR,Director,2/17/2014,1/27/2021
827,Sarah,Miller,49,Male,Asian,Marketing,Manager,2/19/2014,
87,Michael,Smith,23,Female,Asian,Sales,Manager,2/24/2014,
322,Chris,Johnson,55,Female,Other,HR,Coordinator,3/3/2014,
587,Ava,Johnson,38,Male,Black,Finance,Manager,3/13/2014,
581,Daniel,Miller,52,Female,White,HR,Manager,3/16/2014,
557,John,Jones,22,Male,Asian,Marketing,Associate,3/18/2014,
673,David,Brown,62,Male,White,IT,Associate,3/26/2014,
228,Chris,Williams,29,Female,Asian,Marketing,Manager,4/1/2014,
348,Chris,Miller,24,Female,Black,Customer Service,Manager,4/1/2014,
494,Chris,Smith,38,Female,Hispanic,Finance,Senior Analyst,4/2/2014,
742,Olivia,Miller,22,Male,Hispanic,Sales,Senior Analyst,4/15/2014,
250,John,Davis,39,Female,Asian,IT,Coordinator,4/17/2014,
97,Daniel,Smith,50,Female,Hispanic,Operations,Senior Analyst,4/27/2014,
159,Ava,Johnson,34,Male,Asian,Sales,Coordinator,5/3/2014,
399,Daniel,Davis,29,Male,Other,Customer Service,Analyst,5/10/2014,
572,Ava,Johnson,28,Female,Other,Marketing,Associate,5/21/2014,
66,Ava,Johnson,44,Female,Other,Sales,Manager,5/25/2014,3/15/2021
176,John,Brown,44,Male,Other,Sales,Analyst,5/25/2014,
240,Michael,Davis,58,Male,Hispanic,Customer Service,Manager,6/21/2014,
46,David,Wilson,38,Non-Binary,Black,HR,Analyst,6/27/2014,
624,Daniel,Jones,59,Male,Hispanic,Finance,Manager,6/30/2014,
129,Chris,Wilson,30,Male,Hispanic,Operations,Associate,7/3/2014,
669,Ava,Williams,61,Male,Black,Sales,Manager,8/2/2014,
698,David,Johnson,39,Male,White,Finance,Coordinator,8/8/2014,
15,Emma,Miller,61,Female,Hispanic,IT,Manager,8/9/2014,
248,Olivia,Williams,61,Female,Asian,IT,Senior Analyst,9/3/2014,
511,Michael,Johnson,47,Male,Other,IT,Associate,9/13/2014,
613,Ava,Jones,48,Female,Hispanic,Operations,Senior Analyst,9/13/2014,
185,Michael,Brown,64,Female,Other,HR,Associate,9/21/2014,
230,Daniel,Johnson,61,Female,White,Customer Service,Senior Analyst,10/3/2014,7/1/2015
480,Daniel,Williams,50,Male,Hispanic,IT,Senior Analyst,10/5/2014,
565,Chris,Miller,23,Female,White,Marketing,Associate,10/18/2014,
142,Chris,Johnson,28,Male,Black,HR,Director,10/21/2014,
96,Ava,Jones,56,Female,Black,HR,Senior Analyst,10/22/2014,
841,Chris,Jones,21,Non-Binary,Asian,HR,Associate,10/22/2014,
420,Chris,Wilson,52,Female,White,Customer Service,Analyst,10/26/2014,4/20/2023
43,Ava,Davis,49,Male,Asian,Finance,Coordinator,11/17/2014,
602,Emma,Johnson,22,Female,White,Sales,Analyst,12/3/2014,
807,Emily,Miller,33,Male,Hispanic,IT,Analyst,12/4/2014,
124,Chris,Jones,32,Male,Asian,Marketing,Manager,12/17/2014,9/17/2016
292,Michael,Williams,57,Male,Black,Sales,Coordinator,12/26/2014,
774,Olivia,Wilson,34,Female,Asian,Sales,Senior Analyst,12/26/2014,
47,Sarah,Miller,26,Male,Other,HR,Senior Analyst,1/6/2015,
949,Emma,Miller,46,Female,White,Customer Service,Senior Analyst,1/22/2015,
75,Olivia,Brown,,Female,Hispanic,Operations,Coordinator,1/25/2015,3/8/2017
48,Emily,Jones,38,Male,Other,Marketing,Director,1/30/2015,
281,Emma,Jones,46,Male,Hispanic,Sales,Analyst,2/2/2015,
376,Olivia,Johnson,30,Male,White,IT,Associate,2/5/2015,10/30/2019
297,David,Jones,63,Male,Other,Sales,Associate,2/11/2015,
853,Emily,Brown,47,Female,Other,IT,Coordinator,2/12/2015,
295,John,Johnson,56,Female,Hispanic,Finance,Director,2/13/2015,
815,Emma,Williams,,Female,Black,Operations,Senior Analyst,2/20/2015,
432,Ava,Smith,61,Male,Asian,Sales,Associate,3/2/2015,9/11/2018
121,Ava,Davis,25,Female,Hispanic,Sales,Analyst,3/10/2015,12/28/2020
188,Ava,Miller,43,Female,White,IT,Manager,3/23/2015,
338,Daniel,Johnson,64,Male,Other,Sales,Coordinator,3/26/2015,
341,Chris,Brown,33,Male,Asian,Customer Service,Manager,4/1/2015,8/1/2017
724,Ava,Davis,27,Female,Black,HR,Manager,4/2/2015,
416,David,Davis,24,Female,Asian,Operations,Director,4/11/2015,
768,Emma,Davis,37,Male,White,Operations,Associate,4/12/2015,
639,Chris,Jones,25,Male,White,Marketing,Associate,4/21/2015,
186,Sarah,Smith,58,Female,Other,IT,Director,5/6/2015,
345,John,Williams,62,Female,Hispanic,IT,Manager,5/11/2015,
571,Sarah,Brown,54,Male,White,Customer Service,Senior Analyst,5/14/2015,
828,Olivia,Johnson,50,Female,Hispanic,Marketing,Manager,5/14/2015,
198,Emily,Brown,25,Female,Asian,IT,Coordinator,6/14/2015,
712,Emma,Brown,55,Male,White,HR,Associate,6/19/2015,
590,David,Williams,52,Male,Hispanic,Marketing,Director,6/20/2015,
896,John,Jones,34,Male,White,Sales,Senior Analyst,6/21/2015,
958,Chris,Davis,26,Male,White,Operations,Coordinator,6/22/2015,
706,Sarah,Brown,33,Male,Black,Finance,Analyst,7/1/2015,
470,Daniel,Johnson,50,Female,Black,HR,Coordinator,8/6/2015,
878,David,Jones,30,Male,White,Finanace,Senior Analyst,8/14/2015,
447,Michael,Johnson,23,Non-Binary,Black,Customer Service,Coordinator,8/23/2015,
204,Emma,Jones,30,Female,White,Customer Service,Coordinator,8/24/2015,
413,David,Smith,59,Male,White,Marketing,Analyst,9/11/2015,
960,Emma,Wilson,24,Female,White,HR,Director,9/16/2015,
705,Sarah,Wilson,28,Male,Other,Finance,Coordinator,9/18/2015,
249,Emily,Johnson,43,Female,White,Marketing,Director,10/8/2015,
282,Emma,Jones,28,Female,Asian,HR,Manager,10/20/2015,
495,David,Williams,28,Female,Black,Finance,Senior Analyst,10/22/2015,
430,Sarah,Smith,53,Female,Hispanic,Sales,Senior Analyst,10/23/2015,
452,Michael,Davis,64,Male,White,Sales,Coordinator,10/23/2015,
407,Michael,Smith,38,Male,Hispanic,Operations,Coordinator,10/28/2015,
603,Emma,Brown,31,Male,White,Sales,Coordinator,11/2/2015,
740,Olivia,Davis,45,Female,White,HR,Coordinator,11/6/2015,
491,John,Miller,40,Male,Other,Sales,Senior Analyst,11/19/2015,10/22/2019
253,Emma,Smith,44,Male,Asian,HR,Coordinator,11/24/2015,
325,Sarah,Davis,62,Female,Other,HR,Senior Analyst,11/30/2015,
634,Sarah,Wilson,42,Female,Other,HR,Associate,12/7/2015,
246,Olivia,Williams,38,Female,White,Marketing,Senior Analyst,12/13/2015,8/26/2016
320,Sarah,Jones,49,Male,Hispanic,Finance,Manager,12/14/2015,
107,Michael,Miller,61,Male,White,Customer Service,Analyst,12/22/2015,
764,Daniel,Wilson,54,Male,Hispanic,Customer Service,Analyst,12/28/2015,
956,John,Smith,25,Female,White,IT,Associate,1/8/2016,
251,Olivia,Williams,31,Male,Hispanic,Marketing,Manager,1/18/2016,
153,Emma,Brown,64,Male,White,Marketing,Director,1/22/2016,3/24/2024
100,Olivia,Williams,64,Female,White,Finance,Director,1/30/2016,10/15/2017
455,Olivia,Miller,37,Male,Other,Human Res,Coordinator,2/2/2016,
442,Sarah,Johnson,28,Female,Hispanic,Customer Service,Associate,2/13/2016,
53,Emily,Johnson,61,Female,Black,Operations,Analyst,2/23/2016,
653,Daniel,Jones,46,Male,Asian,IT,Manager,2/23/2016,
920,David,Smith,53,Male,Black,Sales,Director,2/25/2016,
155,Daniel,Johnson,35,Female,Other,IT,Associate,3/6/2016,
675,John,Wilson,62,Non-Binary,Black,Finance,Analyst,3/9/2016,
921,Michael,Davis,38,Male,Asian,Marketing,Analyst,3/12/2016,
82,Daniel,Miller,56,Male,Asian,Operations,Manager,3/13/2016,
465,Ava,Miller,33,Female,Asian,Customer Service,Director,3/26/2016,
733,Michael,Miller,58,Non-Binary,Other,Customer Service,Senior Analyst,3/26/2016,
684,Ava,Jones,53,Non-Binary,Hispanic,Finance,Manager,4/2/2016,
178,Sarah,Jones,54,Female,Black,Operations,Coordinator,4/13/2016,
504,Emily,Johnson,56,Female,White,Customer Service,Analyst,4/13/2016,
238,Daniel,Jones,24,Female,Other,Operations,Coordinator,4/17/2016,9/4/2022
680,Olivia,Williams,61,Male,Hispanic,IT,Analyst,4/19/2016,
30,Emily,Miller,61,Non-Binary,Other,I.T.,Manager,5/3/2016,
488,Michael,Miller,21,Female,Other,Operations,Senior Analyst,5/10/2016,
569,Chris,Williams,45,Female,White,Finance,Associate,5/18/2016,
141,Ava,Smith,40,Female,White,Operations,Analyst,5/19/2016,
714,Olivia,Smith,37,Male,Asian,IT,Analyst,5/19/2016,
252,Emily,Wilson,21,Male,Other,Operations,Manager,5/20/2016,
527,Chris,Smith,62,Female,White,Customer Service,Analyst,6/7/2016,
89,Olivia,Jones,60,Female,Asian,Finance,Analyst,6/10/2016,
663,Michael,Smith,,Male,White,Sales,Associate,6/12/2016,
258,Michael,Davis,21,Female,Hispanic,Operations,Analyst,6/23/2016,
84,John,Davis,59,Female,Black,Marketing,Manager,6/29/2016,
241,Michael,Wilson,24,Male,White,IT,Manager,7/2/2016,
110,Michael,Smith,45,Female,Other,Finance,Associate,7/6/2016,
194,John,Davis,28,Male,Asian,Finance,Coordinator,7/9/2016,
291,David,Johnson,54,Male,White,Sales,Manager,8/7/2016,
476,Olivia,Miller,28,Male,White,Customer Service,Senior Analyst,8/12/2016,
856,John,Williams,61,Male,Other,Marketing,Coordinator,8/12/2016,
908,Sarah,Jones,39,Male,White,Customer Service,Manager,8/12/2016,
927,Sarah,Wilson,24,Female,White,HR,Analyst,8/26/2016,
871,Emily,Brown,51,Male,Black,Finance,Associate,9/12/2016,
343,Emily,Brown,27,Male,White,I.T.,Associate,9/19/2016,8/11/2018
408,Ava,Jones,23,Female,Black,Finance,Senior Analyst,9/26/2016,
966,Emily,Smith,56,Female,Other,IT,Analyst,10/3/2016,
372,Emma,Jones,44,Male,Black,Finance,Director,10/17/2016,
534,Michael,Wilson,44,Female,Other,IT,Coordinator,10/25/2016,
449,John,Davis,26,Male,White,Marketing,Director,10/30/2016,12/26/2022
364,Emma,Williams,62,Male,Black,Sales,Manager,11/4/2016,
556,Emily,Davis,45,Female,Hispanic,Operations,Coordinator,11/11/2016,
829,Emma,Johnson,59,Male,Other,Human Res,Director,11/13/2016,
532,Ava,Smith,55,Female,Asian,IT,Associate,11/16/2016,
332,Chris,Brown,46,Male,Other,HR,Associate,11/23/2016,
294,Michael,Davis,64,Female,Other,Customer Service,Analyst,11/26/2016,
998,Olivia,Miller,63,Male,Asian,HR,Coordinator,12/1/2016,
851,Sarah,Brown,41,Female,Black,HR,Senior Analyst,12/4/2016,
31,Daniel,Smith,62,Female,Asian,Sales,Manager,12/7/2016,
382,Olivia,Smith,53,Male,White,Operations,Associate,12/23/2016,
197,David,Davis,58,Male,White,IT,Coordinator,12/24/2016,11/11/2024
220,Olivia,Williams,36,Male,White,IT,Coordinator,12/25/2016,
412,Daniel,Miller,31,Male,Other,Operations,Associate,1/6/2017,
421,Emily,Miller,59,Female,Hispanic,Customer Service,Analyst,1/9/2017,
668,David,Wilson,55,Male,White,IT,Analyst,1/11/2017,
296,John,Smith,35,Male,Hispanic,Marketing,Analyst,1/12/2017,
876,Ava,Miller,24,Male,Asian,Marketing,Associate,1/13/2017,
842,Daniel,Jones,24,Male,White,Finance,Associate,1/15/2017,
19,Emma,Miller,48,Male,Black,IT,Director,1/16/2017,
301,David,Williams,63,Female,Hispanic,HR,Director,1/23/2017,
453,John,Miller,22,Male,Other,Marketing,Coordinator,1/28/2017,7/28/2022
797,David,Davis,64,Non-Binary,Other,Operations,Senior Analyst,2/4/2017,
103,Chris,Williams,22,Female,Black,HR,Analyst,2/6/2017,
435,Ava,Brown,33,Male,White,IT,Manager,2/13/2017,6/16/2019
323,Sarah,Jones,28,Male,Black,Operations,Manager,2/14/2017,
695,John,Brown,37,Female,Other,Operations,Director,2/16/2017,
933,Emma,Jones,31,Female,Black,Sales,Manager,2/20/2017,
152,Chris,Miller,57,Male,Asian,Sales,Coordinator,3/7/2017,
727,Olivia,Jones,25,Male,Hispanic,Operations,Director,3/8/2017,
817,Olivia,Jones,44,Female,Other,Sales,Associate,3/9/2017,
424,Chris,Miller,57,Male,Black,HR,Senior Analyst,3/15/2017,
785,Olivia,Williams,50,Female,Other,Sales,Associate,3/21/2017,
858,Emma,Williams,29,Male,Hispanic,Operations,Analyst,3/22/2017,
225,Chris,Smith,48,Male,White,IT,Manager,3/25/2017,
414,John,Miller,44,Female,Hispanic,HR,Associate,3/26/2017,
211,Michael,Johnson,32,Female,Other,Sales,Director,3/29/2017,10/27/2020
324,Ava,Williams,36,Female,Other,Sales,Analyst,4/11/2017,
567,Ava,Smith,61,Female,Black,Sales,Director,4/11/2017,
233,Sarah,Brown,29,Female,White,HR,Director,4/13/2017,
776,Michael,Miller,42,Male,White,HR,Analyst,4/17/2017,
854,Emma,Smith,47,Male,Black,Customer Service,Coordinator,4/19/2017,
6,Ava,Williams,31,Female,Other,Marketing,Associate,4/22/2017,
393,John,Johnson,55,Male,Asian,Operations,Senior Analyst,4/22/2017,
739,Emily,Jones,60,Female,White,IT,Manager,4/23/2017,
215,Daniel,Jones,24,Female,Asian,Customer Service,Director,5/5/2017,
831,Daniel,Johnson,45,Female,Black,Marketing,Coordinator,5/6/2017,
670,Ava,Miller,49,Female,Black,Finance,Director,5/7/2017,
605,Chris,Smith,35,Male,Other,Marketing,Associate,5/18/2017,
375,Chris,Smith,59,Male,Hispanic,Marketing,Associate,5/23/2017,
369,David,Smith,47,Female,Black,Customer Service,Senior Analyst,5/30/2017,6/8/2017
482,Ava,Johnson,48,Male,Black,Customer Service,Senior Analyst,6/1/2017,
544,Ava,Jones,35,Male,Black,Operations,Analyst,6/6/2017,
131,Emily,Brown,34,Male,Asian,Sales,Manager,6/9/2017,
234,John,Miller,33,Female,Asian,HR,Senior Analyst,6/14/2017,
585,David,Davis,34,Female,Asian,Customer Service,Analyst,6/14/2017,
687,Emma,Johnson,41,Male,White,Sales,Coordinator,6/19/2017,
410,David,Johnson,59,Male,White,Marketing,Analyst,6/21/2017,
902,John,Williams,44,Female,White,Sales,Director,6/22/2017,
298,Emma,Smith,43,Male,Other,Sales,Manager,7/1/2017,
986,Emily,Smith,34,Male,White,Operations,Associate,7/1/2017,
265,Daniel,Smith,45,Male,Other,HR,Coordinator,7/4/2017,
68,Olivia,Johnson,57,Male,White,HR,Senior Analyst,7/8/2017,4/3/2019
344,Emily,Wilson,62,Male,Asian,Customer Service,Director,7/20/2017,
816,Sarah,Miller,43,Male,Hispanic,IT,Manager,7/20/2017,
709,Sarah,Williams,63,Male,Black,Operations,Associate,8/11/2017,
573,Emily,Jones,41,Female,Asian,Finance,Manager,8/25/2017,
906,Olivia,Wilson,39,Male,Asian,Sales,Senior Analyst,8/25/2017,
58,Emma,Smith,49,Non-Binary,Black,Operations,Senior Analyst,8/27/2017,
568,Michael,Wilson,26,Male,Hispanic,Operations,Director,8/27/2017,
845,Michael,Wilson,52,Male,White,Sales,Analyst,9/4/2017,
277,John,Davis,22,Female,White,IT,Senior Analyst,9/10/2017,
201,Emma,Williams,21,Female,Hispanic,Sales,Senior Analyst,9/13/2017,
631,Michael,Smith,27,Female,White,Operations,Coordinator,9/26/2017,
798,Ava,Smith,52,Male,Hispanic,Customer Service,Associate,10/1/2017,
583,John,Wilson,33,Male,Hispanic,IT,Analyst,10/2/2017,
119,Chris,Wilson,55,Female,Hispanic,Marketing,Manager,10/6/2017,10/18/2021
720,Emily,Johnson,56,Male,White,HR,Coordinator,10/9/2017,
387,David,Wilson,53,Female,Asian,HR,Coordinator,10/12/2017,11/20/2018
513,Chris,Brown,21,Female,Asian,Customer Service,Director,10/28/2017,
999,Sarah,Johnson,40,Female,Asian,Customer Service,Coordinator,11/7/2017,
763,Ava,Wilson,52,Female,White,HR,Director,11/20/2017,
473,Ava,Miller,37,Male,Asian,HR,Director,11/23/2017,8/12/2019
861,Sarah,Miller,62,Female,Other,Finance,Senior Analyst,11/23/2017,
802,Chris,Brown,63,Female,Hispanic,Finance,Coordinator,12/2/2017,
352,Emma,Johnson,62,Male,Other,Operations,Coordinator,12/5/2017,
652,Sarah,Williams,41,Male,Black,Customer Service,Manager,12/7/2017,
506,Emma,Davis,43,Male,White,Operations,Coordinator,12/15/2017,
907,Daniel,Williams,51,Male,Black,Sales,Manager,12/21/2017,
88,John,Smith,38,Female,Other,IT,Associate,12/27/2017,
62,Emma,Smith,32,Female,Black,Operations,Coordinator,12/28/2017,9/21/2021
378,Sarah,Jones,38,Male,Asian,IT,Analyst,12/30/2017,10/24/2021
260,Sarah,Wilson,27,Female,White,Finance,Director,12/31/2017,
239,Daniel,Jones,54,Male,Black,IT,Manager,1/4/2018,
71,Olivia,Brown,64,Female,Other,Customer Service,Manager,1/12/2018,
777,Emily,Williams,50,Male,Other,Sales,Analyst,1/17/2018,
168,Emily,Jones,26,Male,Hispanic,Marketing,Director,1/18/2018,
626,David,Johnson,56,Female,Hispanic,Operations,Coordinator,1/19/2018,
566,Ava,Smith,55,Male,White,Finance,Coordinator,1/20/2018,
666,David,Brown,38,Female,Other,Marketing,Analyst,1/21/2018,
781,Chris,Jones,52,Female,Other,Finance,Analyst,1/24/2018,
756,Emma,Smith,60,Female,Hispanic,IT,Director,2/10/2018,
293,Emily,Smith,35,Male,Hispanic,HR,Manager,2/12/2018,
809,Emily,Williams,22,Female,White,Customer Service,Coordinator,2/19/2018,
647,Ava,Brown,43,Female,Black,IT,Manager,3/5/2018,
844,Michael,Williams,55,Male,Black,IT,Coordinator,3/17/2018,
479,David,Williams,36,Male,White,Sales,Manager,3/21/2018,
820,Michael,Davis,42,Female,Black,HR,Director,3/24/2018,
641,John,Smith,47,Male,Other,Finance,Senior Analyst,3/25/2018,
552,Michael,Davis,34,Male,Other,Operations,Associate,3/30/2018,
887,Chris,Williams,41,Female,Other,Finance,Analyst,3/30/2018,
782,Olivia,Jones,41,Male,Hispanic,Operations,Coordinator,4/7/2018,
787,Chris,Williams,32,Male,Hispanic,Sales,Coordinator,4/8/2018,
883,Sarah,Wilson,58,Male,Other,Sales,Associate,4/8/2018,
266,Emily,Davis,53,Female,White,IT,Senior Analyst,4/9/2018,
205,Michael,Davis,50,Female,White,Operations,Analyst,4/15/2018,4/13/2022
786,Michael,Wilson,59,Female,Black,Marketing,Analyst,4/18/2018,
976,Olivia,Williams,50,Female,White,Customer Service,Manager,4/28/2018,
799,Chris,Davis,31,Male,Black,Sales,Coordinator,5/3/2018,
148,Daniel,Smith,63,Male,White,Finance,Coordinator,5/9/2018,3/28/2020
959,Emily,Smith,46,Male,White,IT,Analyst,5/16/2018,
945,Michael,Davis,37,Male,Other,Operations,Senior Analyst,5/23/2018,
423,David,Smith,60,Non-Binary,White,Sales,Coordinator,6/9/2018,
656,David,Smith,57,Female,Asian,Finance,Associate,6/11/2018,
61,Emily,Williams,27,Male,Asian,Customer Service,Analyst,6/12/2018,1/9/2019
496,John,Jones,59,Female,White,Marketing,Associate,6/13/2018,
85,Olivia,Jones,62,Female,Black,Marketing,Analyst,6/14/2018,
594,Michael,Williams,43,Non-Binary,White,HR,Coordinator,6/17/2018,
688,Emma,Wilson,,Male,Hispanic,Operations,Associate,6/19/2018,
901,Michael,Johnson,24,Female,Other,Finance,Senior Analyst,6/27/2018,
136,Ava,Miller,32,Male,Black,Customer Service,Coordinator,7/4/2018,10/3/2019
755,David,Brown,47,Male,Asian,Customer Service,Senior Analyst,7/11/2018,
415,Emily,Williams,39,Female,Asian,Sales,Manager,7/12/2018,
599,John,Brown,54,Male,Other,Marketing,Coordinator,7/20/2018,
383,Michael,Smith,25,Male,Other,HR,Coordinator,7/27/2018,
996,Ava,Johnson,29,Female,White,Customer Service,Coordinator,7/27/2018,
892,Emily,Davis,,Female,White,Sales,Senior Analyst,8/1/2018,
398,Emma,Davis,30,Male,White,Operations,Senior Analyst,8/7/2018,
607,Ava,Smith,43,Male,Other,Marketing,Coordinator,8/7/2018,
904,Sarah,Brown,50,Female,Black,Sales,Manager,8/7/2018,
541,Emma,Miller,27,Female,White,Customer Service,Senior Analyst,8/9/2018,
990,Ava,Smith,51,Male,Other,IT,Analyst,8/16/2018,
175,Olivia,Miller,40,Male,Other,Marketing,Coordinator,8/17/2018,
938,John,Brown,25,Male,Hispanic,Operations,Director,8/18/2018,
247,John,Brown,33,Female,Black,Customer Service,Analyst,8/20/2018,
954,Ava,Jones,41,Male,Hispanic,Finance,Director,8/22/2018,
146,John,Miller,40,Female,Other,Finance,Director,8/25/2018,
791,Ava,Wilson,33,Female,Black,Sales,Director,8/26/2018,
425,Ava,Jones,53,Female,Other,Customer Service,Associate,8/28/2018,
386,Ava,Brown,54,Female,Other,Operations,Associate,9/4/2018,
429,Emily,Wilson,28,Male,Other,Sales,Manager,9/4/2018,
69,Chris,Brown,24,Male,White,Finance,Analyst,9/6/2018,
867,Ava,Brown,54,Female,Black,HR,Manager,9/8/2018,
422,John,Jones,56,Male,Black,Customer Service,Coordinator,9/10/2018,
125,John,Smith,56,Female,Asian,HR,Coordinator,9/19/2018,
340,Ava,Jones,59,Non-Binary,Hispanic,IT,Director,9/21/2018,
270,David,Jones,58,Male,Asian,Customer Service,Senior Analyst,9/24/2018,3/24/2020
457,Sarah,Brown,54,Male,Hispanic,Operations,Coordinator,9/24/2018,
549,David,Jones,22,Male,White,Sales,Analyst,9/28/2018,
108,Olivia,Jones,34,Male,Black,HR,Manager,10/3/2018,
216,John,Brown,53,Male,Black,Customer Service,Associate,10/5/2018,
300,Daniel,Johnson,64,Female,Asian,Operations,Associate,10/5/2018,
42,Sarah,Miller,28,Male,Hispanic,Customer Service,Analyst,10/7/2018,
467,Ava,Williams,51,Male,Other,Finance,Coordinator,10/7/2018,
512,Daniel,Davis,29,Male,Other,Sales,Senior Analyst,10/8/2018,
651,John,Brown,33,Female,Hispanic,IT,Analyst,10/9/2018,
916,David,Smith,56,Female,Hispanic,Customer Service,Analyst,10/9/2018,
538,Ava,Johnson,26,Female,Black,IT,Analyst,10/11/2018,
535,Chris,Williams,62,Female,White,IT,Associate,11/3/2018,
750,David,Miller,45,Male,Black,Marketing,Manager,11/10/2018,
229,Ava,Brown,53,Male,Black,Marketing,Associate,11/11/2018,
458,Michael,Wilson,43,Female,Other,Finance,Senior Analyst,11/12/2018,
637,Sarah,Jones,57,Male,Hispanic,Operations,Coordinator,11/15/2018,
275,Michael,Davis,34,Male,Asian,Customer Service,Senior Analyst,11/28/2018,5/17/2020
772,Emily,Johnson,45,Non-Binary,Black,Customer Service,Analyst,11/28/2018,
749,Michael,Williams,61,Female,White,IT,Senior Analyst,12/2/2018,
21,David,Smith,27,Male,White,Sales,Associate,12/5/2018,
299,Michael,Davis,26,Female,Asian,HR,Director,12/14/2018,
501,Daniel,Smith,58,Female,Other,Operations,Associate,12/21/2018,
576,Chris,Brown,45,Male,Hispanic,IT,Associate,12/21/2018,
51,Michael,Jones,57,Female,Black,Customer Service,Senior Analyst,12/22/2018,
9,Olivia,Wilson,29,Male,Black,Operations,Manager,12/25/2018,
319,Olivia,Johnson,47,Female,Black,Marketing,Analyst,12/28/2018,
542,Chris,Miller,34,Female,White,Marketing,Coordinator,1/18/2019,
635,Ava,Brown,34,Male,Hispanic,Finance,Manager,1/23/2019,
929,Olivia,Williams,47,Male,White,Customer Service,Analyst,1/24/2019,
952,Michael,Wilson,57,Female,Black,Operations,Coordinator,1/31/2019,
165,John,Wilson,49,Female,White,Customer Service,Associate,2/7/2019,
779,Emma,Miller,41,Non-Binary,White,HR,Coordinator,2/9/2019,
245,Emma,Jones,54,Male,White,Operations,Director,2/14/2019,
13,Olivia,Jones,51,Female,Black,Marketing,Director,2/15/2019,
622,Emma,Johnson,37,Male,White,Operations,Associate,2/21/2019,
664,David,Jones,24,Male,White,HR,Director,2/21/2019,
36,David,Davis,,Male,Black,Finance,Associate,2/22/2019,
616,Olivia,Miller,36,Non-Binary,White,Operations,Coordinator,2/25/2019,
560,Emily,Smith,56,Female,Black,HR,Associate,3/12/2019,
614,Emily,Jones,27,Male,Hispanic,Customer Service,Director,3/19/2019,
115,John,Davis,37,Male,Hispanic,IT,Manager,3/22/2019,3/17/2022
671,Michael,Davis,49,Female,Other,Finance,Coordinator,4/4/2019,
762,John,Williams,52,Male,Hispanic,Customer Service,Director,4/5/2019,
848,Emily,Davis,63,Male,Other,Operations,Senior Analyst,4/7/2019,
79,John,Davis,22,Male,Black,Sales,Manager,4/13/2019,
361,Emily,Johnson,35,Male,Other,Customer Service,Director,4/22/2019,
801,John,Wilson,42,Male,Hispanic,Marketing,Senior Analyst,4/25/2019,
903,David,Miller,54,Male,Other,Marketing,Coordinator,5/1/2019,
531,Chris,Williams,38,Male,Hispanic,Sales,Associate,5/4/2019,10/26/2022
584,Emma,Brown,51,Female,Black,Marketing,Manager,5/4/2019,
522,David,Miller,42,Male,Other,Sales,Senior Analyst,5/20/2019,
811,Michael,Brown,41,Male,Asian,Operations,Coordinator,5/20/2019,
592,Emily,Brown,63,Male,Hispanic,HR,Associate,5/21/2019,
83,Olivia,Williams,26,Female,Asian,HR,Associate,5/26/2019,
931,Olivia,Davis,26,Male,Hispanic,HR,Analyst,6/1/2019,
939,John,Wilson,30,Female,Other,Finance,Associate,6/1/2019,
305,Michael,Davis,,Male,Asian,IT,Manager,6/3/2019,
65,Sarah,Davis,51,Female,Other,Operations,Analyst,6/9/2019,
111,John,Miller,40,Male,Asian,Sales,Senior Analyst,6/17/2019,
359,Emma,Wilson,46,Male,Asian,Finance,Analyst,6/25/2019,
771,Ava,Miller,,Male,White,Customer Service,Coordinator,7/14/2019,
321,Emma,Smith,48,Male,Black,Sales,Coordinator,7/17/2019,
942,David,Wilson,63,Female,Other,Sales,Senior Analyst,7/24/2019,
308,David,Smith,56,Male,White,Sales,Analyst,8/4/2019,3/25/2021
157,John,Brown,64,Male,Hispanic,Marketing,Director,8/5/2019,
497,Chris,Davis,52,Male,White,Sales,Manager,8/6/2019,7/28/2021
255,Emily,Davis,45,Male,Asian,Sales,Analyst,8/12/2019,
263,Emma,Johnson,39,Female,Asian,IT,Manager,8/13/2019,
1000,Daniel,Davis,38,Male,White,Operations,Director,8/18/2019,
665,Chris,Brown,54,Male,Black,Sales,Associate,8/20/2019,
112,Michael,Smith,22,Male,White,Sales,Senior Analyst,9/24/2019,
214,Emily,Miller,45,Male,White,Operations,Senior Analyst,9/27/2019,
441,Chris,Wilson,41,Female,Black,Finance,Coordinator,10/6/2019,4/28/2022
173,David,Brown,32,Male,Other,Finance,Coordinator,10/10/2019,
286,Olivia,Brown,49,Male,Black,Customer Service,Coordinator,10/18/2019,9/25/2023
32,Michael,Davis,34,Male,White,IT,Analyst,10/21/2019,
629,Emma,Johnson,,Female,Asian,Customer Service,Senior Analyst,11/7/2019,
436,John,Johnson,22,Female,Black,Operations,Director,11/8/2019,
317,Michael,Jones,34,Female,Hispanic,Marketing,Analyst,11/15/2019,
406,Chris,Brown,41,Male,White,Customer Service,Senior Analyst,11/28/2019,
147,Daniel,Williams,48,Female,Other,Operations,Manager,12/4/2019,4/6/2021
586,Emma,Jones,40,Male,Asian,Marketing,Analyst,12/7/2019,
923,Emily,Williams,31,Male,Hispanic,HR,Director,12/12/2019,
208,Michael,Wilson,46,Male,Asian,Sales,Coordinator,12/19/2019,
865,David,Williams,34,Male,Asian,Marketing,Analyst,12/19/2019,
418,Ava,Wilson,58,Male,Hispanic,Human Res,Coordinator,12/24/2019,
997,Ava,Davis,56,Male,Asian,Marketing,Manager,12/25/2019,
257,Daniel,Brown,35,Female,White,HR,Coordinator,1/2/2020,
94,Ava,Williams,46,Male,Black,Sales,Manager,1/4/2020,
869,Emily,Jones,31,Female,Other,Customer Service,Manager,1/6/2020,
780,Ava,Davis,64,Male,White,Marketing,Analyst,1/8/2020,
564,Emma,Smith,36,Male,Other,Operations,Associate,1/10/2020,
179,Sarah,Wilson,45,Female,White,Operations,Manager,1/11/2020,
873,Emily,Johnson,39,Male,White,Finanace,Associate,1/15/2020,
448,John,Jones,42,Non-Binary,White,HR,Senior Analyst,1/21/2020,
18,Olivia,Williams,28,Female,Hispanic,Sales,Director,1/25/2020,1/6/2022
884,Olivia,Williams,41,Male,Other,HR,Director,1/30/2020,
354,Daniel,Miller,42,Female,Black,HR,Coordinator,2/1/2020,
525,Chris,Jones,42,Female,Black,Marketing,Associate,2/19/2020,11/14/2021
472,Emily,Johnson,32,Male,Black,Marketing,Director,3/9/2020,
632,David,Wilson,,Male,White,IT,Director,3/12/2020,
227,Michael,Jones,26,Male,Black,Operations,Senior Analyst,3/20/2020,
683,Chris,Williams,49,Female,Hispanic,IT,Director,3/21/2020,
411,Emma,Smith,61,Female,White,Marketing,Director,3/23/2020,
822,Daniel,Miller,57,Male,Hispanic,Finance,Analyst,3/23/2020,
50,Olivia,Smith,42,Male,Hispanic,Sales,Associate,3/29/2020,8/26/2023
911,John,Johnson,44,Female,Black,Sales,Associate,4/15/2020,
846,Olivia,Johnson,62,Female,White,IT,Analyst,4/23/2020,
312,Sarah,Wilson,41,Male,Black,IT,Manager,4/26/2020,
357,Ava,Davis,48,Female,Black,Customer Service,Director,4/28/2020,
99,Daniel,Smith,62,Female,Asian,Customer Service,Director,5/2/2020,
200,Emma,Williams,54,Male,Asian,IT,Senior Analyst,5/3/2020,
67,Emily,Miller,40,Female,White,Marketing,Analyst,5/6/2020,
280,Chris,Johnson,41,Female,Black,Finance,Manager,5/7/2020,
523,Emily,Davis,63,Female,Other,HR,Director,5/11/2020,
403,Chris,Jones,22,Male,Other,Sales,Associate,5/19/2020,
95,Chris,Johnson,28,Female,Black,Operations,Manager,5/21/2020,
490,Sarah,Williams,,Male,Black,Finanace,Associate,5/23/2020,
126,Emily,Jones,43,Female,Black,Sales,Coordinator,5/25/2020,
936,John,Wilson,46,Female,Black,HR,Senior Analyst,5/27/2020,
642,Emma,Smith,41,Female,White,Finance,Manager,6/3/2020,
156,David,Johnson,26,Male,Asian,Customer Service,Manager,6/7/2020,
989,Emily,Davis,36,Female,Hispanic,Customer Service,Associate,6/11/2020,
925,Ava,Smith,37,Male,Hispanic,Customer Service,Director,6/12/2020,
814,Emily,Jones,51,Male,White,Marketing,Manager,6/20/2020,
139,Emma,Davis,21,Male,Asian,Customer Service,Associate,6/26/2020,
327,John,Davis,50,Female,Black,Operations,Coordinator,6/27/2020,
970,David,Wilson,51,Male,Asian,Operations,Senior Analyst,6/29/2020,
554,John,Williams,38,Male,White,Customer Service,Senior Analyst,7/3/2020,
644,Sarah,Davis,35,Female,Other,Sales,Coordinator,7/7/2020,
17,Sarah,Smith,28,Female,Hispanic,Sales,Associate,7/8/2020,
717,Michael,Jones,41,Male,Black,Operations,Senior Analyst,8/1/2020,
735,Chris,Johnson,48,Female,White,Marketing,Director,8/10/2020,
580,John,Wilson,52,Female,Other,IT,Analyst,8/15/2020,
754,Emma,Davis,32,Female,Hispanic,Finance,Director,8/15/2020,
289,John,Wilson,32,Female,White,Customer Service,Analyst,8/24/2020,
843,Chris,Brown,60,Male,Hispanic,Operations,Director,9/13/2020,
389,David,Smith,37,Male,Black,HR,Director,9/23/2020,
704,Emma,Davis,57,Male,Black,HR,Manager,9/29/2020,
951,Chris,Davis,49,Female,Other,Customer Service,Analyst,10/1/2020,
950,Michael,Miller,25,Female,Other,IT,Manager,10/9/2020,
356,Emma,Davis,42,Male,Black,Customer Service,Associate,11/4/2020,
982,Sarah,Williams,48,Male,Other,Sales,Manager,11/5/2020,
741,Emily,Miller,29,Male,Asian,Sales,Director,11/8/2020,
130,Chris,Wilson,23,Male,White,Customer Service,Manager,11/12/2020,
879,Emily,Brown,44,Female,Black,Finance,Coordinator,11/29/2020,
104,Chris,Davis,57,Male,Other,Operations,Associate,12/6/2020,3/6/2022
555,Emma,Johnson,30,Female,White,Sales,Analyst,12/7/2020,
199,Sarah,Wilson,42,Male,Other,Marketing,Analyst,12/12/2020,
891,Sarah,Williams,40,Male,Black,Marketing,Senior Analyst,12/16/2020,
302,Olivia,Miller,41,Male,Hispanic,Finance,Associate,12/19/2020,
360,John,Smith,,Female,Hispanic,Customer Service,Analyst,12/25/2020,
953,Olivia,Brown,40,Male,White,IT,Director,1/3/2021,
935,Chris,Johnson,29,Male,Other,IT,Associate,1/5/2021,
337,Sarah,Brown,51,Female,Hispanic,Customer Service,Coordinator,1/17/2021,
979,Olivia,Wilson,62,Male,Asian,Operations,Manager,1/27/2021,
54,Sarah,Williams,23,Male,Black,Finance,Coordinator,3/10/2021,
893,John,Smith,27,Male,Asian,Customer Service,Senior Analyst,3/10/2021,
39,Sarah,Miller,45,Female,Asian,Operations,Manager,3/11/2021,
819,John,Smith,33,Female,Other,IT,Director,4/14/2021,
459,Sarah,Wilson,50,Female,Hispanic,Customer Service,Associate,4/29/2021,
977,Emily,Smith,44,Male,White,Customer Service,Senior Analyst,4/30/2021,
993,Emma,Johnson,33,Male,Hispanic,IT,Manager,5/7/2021,
974,Emma,Davis,56,Male,White,Sales,Analyst,5/13/2021,
433,Ava,Williams,59,Male,White,HR,Senior Analyst,5/14/2021,
769,Olivia,Brown,60,Female,Hispanic,Customer Service,Analyst,5/15/2021,
965,John,Smith,,Male,Hispanic,Customer Service,Manager,5/20/2021,
353,Michael,Miller,33,Male,White,Marketing,Director,5/23/2021,
835,David,Brown,36,Male,White,Marketing,Senior Analyst,5/26/2021,
995,Chris,Miller,64,Female,Asian,Finance,Analyst,5/27/2021,
864,Michael,Brown,37,Male,Asian,HR,Associate,5/29/2021,
192,Chris,Wilson,41,Male,Asian,Marketing,Associate,6/6/2021,
694,Daniel,Johnson,35,Female,Hispanic,Operations,Associate,6/13/2021,
545,Daniel,Smith,41,Female,White,Finance,Director,6/17/2021,
510,Daniel,Johnson,22,Male,Black,Marketing,Coordinator,6/19/2021,
454,John,Jones,58,Female,Asian,Finance,Director,6/28/2021,
886,David,Miller,59,Male,Hispanic,Customer Service,Director,6/28/2021,
895,Daniel,Jones,49,Male,White,Finance,Director,7/2/2021,
475,Sarah,Davis,32,Male,Other,Finance,Senior Analyst,7/14/2021,
597,Sarah,Davis,,Male,Asian,Sales,Coordinator,7/20/2021,
221,John,Jones,34,Female,Asian,Marketing,Manager,7/27/2021,
689,Michael,Jones,31,Female,Black,HR,Manager,8/1/2021,
80,Daniel,Wilson,35,Female,Black,Sales,Director,8/10/2021,
539,Ava,Davis,23,Male,Hispanic,Customer Service,Associate,8/14/2021,
236,David,Williams,61,Male,Asian,IT,Manager,8/23/2021,
478,Daniel,Brown,23,Male,Asian,Operations,Manager,9/3/2021,
145,John,Brown,21,Male,Hispanic,Operations,Director,9/7/2021,
516,Ava,Jones,43,Female,Asian,Marketing,Coordinator,9/12/2021,10/29/2023
596,Daniel,Miller,51,Male,Other,Finance,Analyst,9/15/2021,
874,John,Williams,57,Male,Other,Customer Service,Coordinator,9/17/2021,
397,Sarah,Brown,31,Female,Hispanic,Finance,Director,9/20/2021,
833,David,Williams,28,Male,Hispanic,Marketing,Manager,9/24/2021,
4,David,Williams,64,Male,Other,HR,Analyst,9/26/2021,
26,John,Wilson,26,Female,Other,IT,Coordinator,9/26/2021,
609,Emma,Johnson,29,Female,Other,Marketing,Associate,9/27/2021,
547,Ava,Smith,22,Female,Asian,Finance,Coordinator,10/4/2021,
955,Emily,Smith,30,Female,Black,IT,Senior Analyst,10/12/2021,
59,Emma,Brown,35,Male,Black,Marketing,Manager,10/14/2021,3/14/2024
650,John,Brown,21,Female,Other,IT,Director,10/19/2021,
882,Emma,Smith,57,Female,White,HR,Coordinator,10/20/2021,
86,Olivia,Wilson,32,Male,Asian,IT,Associate,10/22/2021,1/8/2024
826,Ava,Johnson,43,Female,Black,IT,Manager,10/24/2021,
426,Ava,Davis,56,Male,Asian,Customer Service,Senior Analyst,10/31/2021,5/27/2024
256,Michael,Wilson,41,Male,Hispanic,Finance,Senior Analyst,11/2/2021,
980,David,Wilson,50,Male,Hispanic,IT,Coordinator,11/5/2021,
93,David,Johnson,55,Male,Asian,Sales,Coordinator,11/6/2021,
329,John,Johnson,22,Male,Hispanic,Sales,Senior Analyst,12/17/2021,
790,Sarah,Brown,41,Female,Hispanic,Operations,Associate,12/26/2021,
847,David,Miller,54,Female,Other,Operations,Senior Analyst,12/28/2021,
730,Emma,Johnson,,Female,Asian,Customer Service,Director,1/2/2022,
875,John,Davis,24,Female,Other,Sales,Associate,1/20/2022,
961,Daniel,Brown,59,Female,Hispanic,Operations,Analyst,2/15/2022,
210,Michael,Miller,60,Female,Black,Customer Service,Manager,2/22/2022,
838,Chris,Miller,64,Female,Other,Marketing,Director,3/11/2022,
611,David,Wilson,41,Male,Hispanic,Finance,Analyst,4/1/2022,
81,Chris,Smith,54,Male,Asian,HR,Analyst,4/7/2022,
138,David,Johnson,61,Female,White,Customer Service,Director,4/10/2022,
180,Emma,Davis,49,Female,White,IT,Associate,4/10/2022,
388,Ava,Johnson,41,Female,Asian,Sales,Manager,4/14/2022,
661,David,Miller,31,Female,Black,Customer Service,Director,4/15/2022,
331,Emma,Davis,24,Male,Asian,Marketing,Analyst,4/21/2022,
738,Olivia,Brown,28,Male,Asian,HR,Senior Analyst,4/25/2022,
619,David,Smith,24,Male,Asian,Customer Service,Senior Analyst,4/28/2022,
528,David,Jones,32,Male,Hispanic,Sales,Director,5/1/2022,
691,John,Davis,28,Female,Black,Customer Service,Senior Analyst,5/3/2022,
167,Ava,Miller,55,Female,Black,Customer Service,Senior Analyst,5/8/2022,
810,Ava,Williams,49,Female,Asian,Customer Service,Analyst,5/9/2022,
821,Ava,Miller,,Male,Hispanic,HR,Director,5/14/2022,
623,John,Smith,57,Female,Other,Sales,Analyst,5/15/2022,
456,Ava,Smith,55,Female,Hispanic,IT,Analyst,5/20/2022,
460,Michael,Johnson,,Female,Asian,HR,Senior Analyst,5/22/2022,
898,Olivia,Miller,44,Male,Other,Marketing,Analyst,5/22/2022,
736,Chris,Johnson,37,Female,White,Finance,Senior Analyst,5/28/2022,
679,John,Jones,29,Female,White,Customer Service,Director,6/22/2022,
674,Daniel,Jones,41,Male,Other,IT,Senior Analyst,7/1/2022,
285,Emma,Jones,48,Female,Hispanic,Finance,Associate,7/2/2022,11/11/2022
261,Sarah,Wilson,35,Male,Other,Sales,Manager,7/4/2022,
924,Daniel,Williams,53,Female,Asian,Finance,Associate,7/4/2022,
726,Emily,Miller,63,Male,Hispanic,Sales,Associate,7/9/2022,
941,Sarah,Smith,33,Female,Black,Sales,Director,7/10/2022,
601,David,Davis,45,Male,White,Marketing,Coordinator,7/12/2022,
536,Sarah,Miller,50,Female,Hispanic,Operations,Coordinator,7/19/2022,
60,Ava,Miller,53,Male,Other,IT,Senior Analyst,7/25/2022,10/31/2025
443,John,Wilson,58,Female,Hispanic,Customer Service,Director,7/30/2022,
646,David,Johnson,30,Female,White,Finance,Coordinator,8/17/2022,
105,Olivia,Davis,25,Female,Black,IT,Manager,8/19/2022,
27,Ava,Smith,42,Female,White,HR,Director,8/22/2022,
753,Ava,Jones,56,Female,Black,IT,Senior Analyst,8/26/2022,
732,Sarah,Brown,30,Female,White,Customer Service,Manager,8/31/2022,
505,Daniel,Williams,53,Female,Other,Sales,Manager,9/1/2022,
306,John,Jones,35,Female,Asian,Customer Service,Senior Analyst,9/6/2022,
548,Sarah,Brown,47,Female,Asian,Customer Service,Senior Analyst,9/8/2022,
203,Daniel,Davis,63,Non-Binary,Other,Sales,Associate,9/20/2022,
500,Michael,Johnson,32,Male,Other,Finance,Associate,9/29/2022,
913,Emma,Williams,50,Male,Black,IT,Analyst,10/1/2022,
177,John,Miller,63,Non-Binary,Asian,IT,Associate,10/2/2022,
520,Daniel,Brown,26,Female,Asian,IT,Coordinator,10/7/2022,
315,Emma,Jones,,Female,Asian,Sales,Coordinator,10/14/2022,
437,Olivia,Smith,25,Female,Black,Operations,Analyst,10/14/2022,
70,Daniel,Johnson,48,Male,Other,Customer Service,Analyst,11/3/2022,8/29/2025
401,David,Williams,33,Female,Asian,Sales,Senior Analyst,11/8/2022,
368,David,Brown,46,Female,Other,Marketing,Senior Analyst,11/17/2022,
463,Ava,Jones,56,Female,Hispanic,Customer Service,Director,11/18/2022,
836,Emma,Jones,28,Female,Other,Sales,Senior Analyst,11/25/2022,
23,Ava,Brown,40,Female,White,IT,Director,11/26/2022,
559,Daniel,Wilson,53,Male,White,Customer Service,Senior Analyst,11/29/2022,
628,Michael,Johnson,59,Female,Black,Sales,Senior Analyst,12/10/2022,
638,David,Wilson,,Male,Asian,Finance,Associate,12/13/2022,
662,Emma,Wilson,41,Male,Black,Sales,Manager,12/16/2022,
446,Sarah,Miller,64,Male,Other,Finance,Senior Analyst,12/18/2022,
35,Chris,Johnson,32,Male,Hispanic,Finance,Coordinator,1/1/2023,2/9/2024
890,Olivia,Wilson,24,Male,Other,IT,Associate,1/6/2023,
830,David,Davis,64,Male,Asian,Marketing,Manager,1/11/2023,
784,Ava,Williams,52,Male,Hispanic,Operations,Associate,1/16/2023,
937,Daniel,Wilson,36,Female,Black,HR,Analyst,2/6/2023,
483,David,Brown,60,Male,Hispanic,Finance,Director,2/12/2023,
181,Chris,Smith,59,Female,Hispanic,Marketing,Manager,2/19/2023,
135,Sarah,Brown,30,Female,Black,Customer Service,Associate,2/25/2023,
507,Michael,Johnson,22,Male,Asian,Operations,Analyst,3/18/2023,
562,Emma,Davis,34,Male,White,Finance,Analyst,3/19/2023,
757,John,Smith,22,Male,Other,Operations,Director,3/30/2023,
381,John,Wilson,30,Female,Asian,Customer Service,Director,4/9/2023,
212,Emily,Miller,47,Female,Other,HR,Coordinator,4/15/2023,
975,Emily,Williams,41,Female,Other,Marketing,Analyst,5/6/2023,
765,Ava,Jones,31,Female,Black,Customer Service,Associate,5/20/2023,
259,Daniel,Miller,32,Female,White,Sales,Coordinator,5/30/2023,
881,John,Smith,46,Male,White,Customer Service,Associate,6/1/2023,
342,Daniel,Wilson,51,Male,Asian,Marketing,Associate,6/17/2023,
466,Ava,Davis,49,Male,Black,Marketing,Director,6/22/2023,
710,Emily,Smith,21,Non-Binary,White,Sales,Manager,6/22/2023,
122,Ava,Wilson,21,Female,Black,Marketing,Coordinator,6/24/2023,
303,John,Jones,43,Male,White,Customer Service,Analyst,7/7/2023,
149,Emily,Wilson,57,Female,Asian,Marketing,Coordinator,7/10/2023,
719,David,Jones,51,Female,Asian,HR,Coordinator,7/10/2023,
218,Chris,Jones,39,Male,White,HR,Coordinator,7/15/2023,
400,Olivia,Johnson,34,Female,Hispanic,IT,Coordinator,7/15/2023,
880,Michael,Wilson,55,Male,Black,Finance,Director,7/15/2023,
910,Michael,Williams,42,Female,Hispanic,Customer Service,Senior Analyst,7/23/2023,
537,Daniel,Smith,34,Male,Black,Finance,Senior Analyst,7/27/2023,
758,David,Smith,33,Female,White,Finance,Senior Analyst,7/29/2023,
278,Michael,Williams,29,Female,Other,Customer Service,Analyst,8/2/2023,
837,Emma,Smith,,Female,Asian,Marketing,Senior Analyst,8/10/2023,
737,Emma,Wilson,51,Male,Other,Customer Service,Senior Analyst,8/18/2023,
242,Michael,Davis,58,Male,Black,Sales,Coordinator,8/31/2023,
114,Michael,Jones,26,Female,Asian,Customer Service,Senior Analyst,9/4/2023,
578,Michael,Davis,24,Male,White,Customer Service,Manager,9/4/2023,
818,Olivia,Brown,64,Male,Black,Customer Service,Associate,9/5/2023,
428,David,Davis,29,Female,Asian,Operations,Associate,9/22/2023,
793,Michael,Williams,28,Female,Black,Customer Service,Analyst,10/11/2023,
20,Sarah,Johnson,40,Female,Black,Customer Service,Associate,10/13/2023,
940,Chris,Jones,23,Female,White,Finance,Associate,11/4/2023,
918,David,Davis,56,Male,Black,IT,Manager,11/13/2023,
182,David,Miller,51,Female,White,Customer Service,Director,11/17/2023,
207,Emily,Miller,37,Male,Other,IT,Analyst,11/18/2023,
272,Olivia,Miller,31,Female,Asian,Marketing,Director,11/21/2023,
74,David,Brown,52,Female,Other,HR,Director,11/23/2023,
311,Michael,Brown,24,Female,White,Sales,Analyst,11/26/2023,
333,Ava,Smith,45,Female,Hispanic,Sales,Manager,11/29/2023,
450,Michael,Johnson,22,Female,Black,Human Res,Senior Analyst,11/30/2023,
316,Ava,Smith,54,Male,White,Marketing,Manager,12/3/2023,
28,Michael,Davis,46,Female,Other,Customer Service,Associate,12/4/2023,
570,Michael,Williams,33,Female,Other,Finance,Analyst,12/10/2023,
789,Chris,Williams,38,Female,White,Finance,Senior Analyst,12/11/2023,
226,Ava,Miller,22,Male,Asian,Finance,Coordinator,12/13/2023,
92,John,Davis,53,Male,Black,HR,Senior Analyst,12/28/2023,
767,Daniel,Wilson,35,Male,Asian,Operations,Analyst,12/31/2023,
667,David,Johnson,60,Male,Black,Marketing,Manager,1/9/2024,
24,Emma,Jones,36,Female,Asian,Operations,Associate,1/15/2024,
677,Emily,Johnson,61,Female,Asian,IT,Director,1/15/2024,
630,Sarah,Davis,55,Male,Asian,Finanace,Senior Analyst,1/21/2024,
366,John,Brown,44,Female,Hispanic,Operations,Senior Analyst,1/23/2024,
264,Michael,Brown,49,Male,Hispanic,Marketing,Coordinator,1/25/2024,
708,Michael,Wilson,43,Male,Hispanic,Customer Service,Director,1/25/2024,
169,Chris,Wilson,57,Female,Asian,Sales,Manager,1/31/2024,
992,Emma,Williams,45,Male,Black,Customer Service,Manager,2/6/2024,
808,Daniel,Jones,38,Male,White,Operations,Coordinator,2/16/2024,
699,Sarah,Wilson,25,Female,Asian,IT,Senior Analyst,2/27/2024,
127,Emily,Jones,51,Female,Hispanic,Marketing,Director,3/6/2024,
288,David,Johnson,45,Male,Black,Finance,Coordinator,3/15/2024,
12,Olivia,Wilson,59,Male,Asian,HR,Director,3/16/2024,
600,John,Jones,30,Male,Hispanic,Human Res,Manager,3/18/2024,
38,Chris,Davis,33,Male,Black,Customer Service,Senior Analyst,3/21/2024,
273,Olivia,Smith,55,Female,Asian,Operations,Senior Analyst,3/26/2024,
657,Chris,Johnson,52,Female,Hispanic,HR,Associate,3/28/2024,
649,Emma,Wilson,25,Male,Hispanic,Sales,Director,4/1/2024,
22,John,Davis,31,Male,Hispanic,Operations,Manager,4/11/2024,
944,Olivia,Johnson,26,Male,White,Customer Service,Manager,4/30/2024,
971,Ava,Miller,40,Male,White,Marketing,Analyst,5/3/2024,
985,Emily,Smith,48,Female,Black,HR,Director,5/14/2024,
690,Sarah,Wilson,54,Male,Asian,Sales,Senior Analyst,5/15/2024,
589,Emma,Miller,26,Male,Hispanic,Finance,Analyst,5/20/2024,
7,Michael,Williams,23,Male,Hispanic,Sales,Manager,5/23/2024,
813,Sarah,Williams,47,Female,Other,HR,Analyst,5/29/2024,
377,Emily,Johnson,,Female,Hispanic,Sales,Coordinator,6/5/2024,
618,Sarah,Smith,24,Male,Asian,Operations,Coordinator,6/9/2024,
751,David,Johnson,30,Male,Black,IT,Coordinator,6/16/2024,
932,Michael,Davis,34,Male,Black,Operations,Manager,6/23/2024,
803,Emma,Johnson,45,Female,Black,HR,Analyst,6/24/2024,
912,Olivia,Brown,32,Male,Hispanic,Marketing,Senior Analyst,6/25/2024,
804,Ava,Johnson,42,Female,White,Marketing,Coordinator,7/3/2024,
579,Daniel,Miller,32,Male,Asian,Sales,Associate,7/8/2024,
795,Daniel,Smith,,Male,Asian,HR,Associate,7/13/2024,
431,Emily,Johnson,26,Male,Black,Marketing,Coordinator,7/16/2024,
591,David,Williams,49,Male,Asian,Customer Service,Manager,7/17/2024,
133,Michael,Smith,30,Female,Other,Customer Service,Senior Analyst,7/25/2024,
792,Emma,Smith,41,Female,Black,Marketing,Senior Analyst,7/29/2024,
365,David,Brown,28,Male,White,Operations,Associate,7/31/2024,
900,Chris,Davis,36,Female,Asian,Sales,Analyst,8/1/2024,
731,David,Smith,28,Female,Black,Operations,Senior Analyst,8/7/2024,
396,John,Williams,52,Male,Other,Sales,Analyst,8/13/2024,
729,Sarah,Jones,50,Male,Hispanic,Finance,Manager,8/26/2024,
193,Olivia,Wilson,,Female,Asian,Marketing,Director,8/30/2024,
824,Emma,Brown,23,Male,Black,Finance,Associate,8/31/2024,
598,Daniel,Jones,39,Male,Hispanic,Customer Service,Director,9/9/2024,
702,Emma,Jones,21,Male,Asian,Marketing,Coordinator,9/11/2024,
761,Sarah,Johnson,36,Male,Other,Human Res,Associate,9/14/2024,
788,Michael,Johnson,61,Female,Black,Marketing,Analyst,9/21/2024,
775,John,Johnson,45,Female,Other,Finance,Associate,9/22/2024,
474,David,Smith,36,Female,Other,Marketing,Associate,10/6/2024,
692,Emma,Jones,42,Male,Black,Marketing,Manager,10/27/2024,
284,Michael,Miller,,Female,White,IT,Associate,10/29/2024,
978,Olivia,Johnson,64,Male,Hispanic,Sales,Analyst,10/30/2024,
150,Daniel,Jones,57,Male,Hispanic,Customer Service,Associate,10/31/2024,
524,David,Williams,35,Female,Black,Sales,Director,11/10/2024,
128,David,Davis,31,Female,Other,IT,Coordinator,11/29/2024,
123,Michael,Davis,60,Male,Asian,Operations,Senior Analyst,11/30/2024,
1,Chris,Smith,35,Female,Hispanic,Finance,Senior Analyst,12/1/2024,
174,John,Wilson,62,Male,Black,Sales,Director,12/7/2024,
540,John,Smith,36,Male,Black,Marketing,Manager,12/8/2024,
468,Sarah,Miller,36,Non-Binary,Other,Finance,Analyst,12/24/2024,
206,Emily,Miller,38,Female,Black,Marketing,Coordinator,12/29/2024,
