EmployeeID,Course,Completion_Date,Score
1,Leadership 101,10/9/2016,63
1,Customer Service Excellence,2/1/2019,80
1,Excel Advanced,7/14/2017,72
2,Cybersecurity Awareness,4/25/2021,79
2,Project Management Basics,1/28/2018,99
3,Customer Service Excellence,5/14/2021,61
4,Cybersecurity Awareness,10/26/2022,83
5,Project Management Basics,3/21/2019,75
5,Cybersecurity Awareness,2/14/2018,74
6,Excel Advanced,3/2/2021,70
6,Leadership 101,1/8/2018,77
6,Leadership 101,10/19/2019,97
7,Project Management Basics,2/27/2015,80
8,Leadership 101,1/24/2020,93
8,Customer Service Excellence,12/27/2019,63
8,Cybersecurity Awareness,7/28/2022,70
9,Project Management Basics,6/17/2017,96
9,Project Management Basics,11/12/2023,63
10,Excel Advanced,3/17/2017,70
10,Project Management Basics,2/17/2017,97
11,Safety Training,7/1/2018,79
11,Cybersecurity Awareness,10/27/2016,97
12,Customer Service Excellence,5/29/2018,73
12,Safety Training,10/17/2021,84
12,Safety Training,8/11/2024,98
13,Excel Advanced,1/17/2022,64
13,Leadership 101,3/16/2016,81
14,Leadership 101,9/4/2021,77
14,Leadership 101,2/19/2016,79
14,Cybersecurity Awareness,9/6/2015,94
15,Excel Advanced,4/19/2021,89
15,Customer Service Excellence,12/1/2019,89
15,Safety Training,3/11/2024,89
16,Leadership 101,7/29/2015,69
17,Customer Service Excellence,11/6/2016,82
17,Cybersecurity Awareness,12/27/2020,71
18,Safety Training,1/26/2015,65
18,Customer Service Excellence,7/9/2019,74
19,Excel Advanced,3/9/2020,78
19,Cybersecurity Awareness,12/26/2015,82
20,Leadership 101,11/12/2020,96
21,Customer Service Excellence,8/12/2021,77
21,Excel Advanced,1/7/2019,92
22,Customer Service Excellence,2/25/2017,66
23,Leadership 101,1/8/2017,85
23,Leadership 101,11/7/2019,82
23,Project Management Basics,10/9/2018,66
24,Cybersecurity Awareness,10/18/2021,67
24,Cybersecurity Awareness,10/15/2015,93
24,Excel Advanced,7/29/2022,83
25,Project Management Basics,7/5/2017,77
25,Cybersecurity Awareness,2/5/2023,78
25,Customer Service Excellence,12/17/2016,75
26,Leadership 101,2/10/2021,93
26,Excel Advanced,5/4/2019,85
27,Safety Training,2/1/2017,81
27,Excel Advanced,3/9/2021,88
28,Excel Advanced,4/25/2023,86
28,Safety Training,6/15/2022,88
29,Project Management Basics,9/1/2015,96
29,Leadership 101,8/23/2021,84
30,Cybersecurity Awareness,3/21/2023,90
31,Customer Service Excellence,5/21/2017,75
31,Safety Training,2/13/2021,73
31,Cybersecurity Awareness,3/11/2015,70
32,Leadership 101,11/24/2022,74
32,Excel Advanced,6/23/2021,75
32,Project Management Basics,10/23/2023,92
33,Excel Advanced,11/6/2018,83
33,Customer Service Excellence,1/27/2018,66
33,Cybersecurity Awareness,9/27/2015,89
34,Safety Training,10/20/2016,88
34,Customer Service Excellence,6/21/2023,61
34,Customer Service Excellence,11/20/2020,72
35,Excel Advanced,5/10/2021,74
35,Customer Service Excellence,6/14/2017,94
36,Project Management Basics,3/18/2020,72
37,Project Management Basics,8/10/2024,99
37,Customer Service Excellence,6/17/2024,80
38,Leadership 101,6/26/2022,63
38,Excel Advanced,9/20/2015,69
39,Excel Advanced,4/29/2020,75
39,Safety Training,3/18/2017,93
39,Safety Training,11/17/2021,97
40,Cybersecurity Awareness,6/28/2018,88
40,Excel Advanced,1/30/2024,77
41,Customer Service Excellence,7/26/2022,96
41,Project Management Basics,10/22/2017,77
41,Leadership 101,7/19/2016,97
42,Excel Advanced,9/14/2018,74
43,Leadership 101,9/3/2016,98
43,Cybersecurity Awareness,3/11/2016,67
44,Leadership 101,2/22/2022,78
44,Project Management Basics,11/25/2019,63
45,Leadership 101,6/1/2019,97
45,Excel Advanced,1/21/2015,85
45,Customer Service Excellence,12/4/2017,82
46,Project Management Basics,3/8/2017,90
46,Project Management Basics,12/20/2022,75
47,Cybersecurity Awareness,9/9/2016,66
47,Cybersecurity Awareness,12/3/2015,83
47,Cybersecurity Awareness,10/25/2023,98
48,Customer Service Excellence,10/25/2024,60
48,Customer Service Excellence,2/14/2019,86
48,Safety Training,9/8/2023,65
49,Leadership 101,12/13/2017,86
49,Leadership 101,11/11/2019,75
50,Cybersecurity Awareness,11/18/2022,94
50,Project Management Basics,6/15/2019,94
51,Customer Service Excellence,12/25/2021,95
51,Customer Service Excellence,5/19/2017,87
52,Excel Advanced,8/29/2018,90
52,Safety Training,12/18/2020,97
52,Leadership 101,8/6/2017,83
53,Excel Advanced,2/2/2018,87
53,Leadership 101,12/13/2016,96
54,Cybersecurity Awareness,3/7/2016,62
55,Project Management Basics,8/21/2018,87
56,Cybersecurity Awareness,2/6/2020,80
56,Project Management Basics,11/24/2024,97
56,Project Management Basics,7/7/2024,67
57,Project Management Basics,1/26/2019,65
57,Project Management Basics,3/26/2017,91
58,Safety Training,11/25/2020,65
59,Leadership 101,5/21/2021,78
59,Customer Service Excellence,5/21/2022,66
59,Leadership 101,8/28/2022,60
60,Leadership 101,3/14/2018,81
61,Cybersecurity Awareness,2/16/2024,89
61,Safety Training,12/16/2021,92
62,Safety Training,9/17/2022,72
62,Excel Advanced,10/15/2021,67
63,Safety Training,9/9/2018,93
63,Customer Service Excellence,3/23/2023,96
64,Leadership 101,11/15/2024,79
65,Cybersecurity Awareness,10/28/2018,83
65,Project Management Basics,6/27/2017,64
65,Cybersecurity Awareness,11/12/2015,97
66,Customer Service Excellence,4/29/2020,81
67,Project Management Basics,2/23/2019,80
68,Leadership 101,10/24/2017,62
69,Excel Advanced,5/23/2018,75
69,Safety Training,1/3/2023,72
70,Safety Training,10/14/2015,83
70,Excel Advanced,10/6/2024,74
70,Excel Advanced,1/8/2022,81
71,Leadership 101,4/14/2020,83
71,Cybersecurity Awareness,7/14/2023,69
72,Cybersecurity Awareness,5/26/2021,70
72,Cybersecurity Awareness,7/7/2022,88
72,Leadership 101,2/10/2016,92
73,Customer Service Excellence,10/2/2019,91
74,Leadership 101,6/22/2023,64
75,Project Management Basics,5/21/2021,65
75,Project Management Basics,11/4/2015,84
75,Project Management Basics,5/27/2023,90
76,Project Management Basics,9/11/2021,76
76,Safety Training,1/27/2019,87
77,Cybersecurity Awareness,2/12/2018,61
78,Safety Training,2/8/2022,96
79,Cybersecurity Awareness,9/1/2015,60
79,Excel Advanced,1/22/2024,62
80,Cybersecurity Awareness,5/8/2023,62
81,Excel Advanced,7/20/2024,74
81,Project Management Basics,11/19/2019,63
81,Cybersecurity Awareness,3/20/2015,66
82,Excel Advanced,8/15/2017,62
82,Leadership 101,11/15/2024,73
82,Cybersecurity Awareness,1/25/2016,92
83,Cybersecurity Awareness,8/3/2019,94
84,Excel Advanced,9/2/2023,62
85,Project Management Basics,1/2/2020,72
85,Customer Service Excellence,1/16/2022,93
86,Cybersecurity Awareness,2/22/2016,87
87,Cybersecurity Awareness,7/19/2017,73
87,Cybersecurity Awareness,7/22/2018,78
87,Safety Training,1/25/2018,94
88,Leadership 101,8/28/2021,67
89,Project Management Basics,11/20/2022,97
90,Leadership 101,10/12/2024,89
91,Safety Training,9/29/2022,83
92,Project Management Basics,4/14/2016,72
93,Project Management Basics,6/21/2022,66
94,Excel Advanced,10/23/2019,85
95,Excel Advanced,5/16/2021,90
95,Project Management Basics,5/7/2018,76
95,Cybersecurity Awareness,1/22/2017,92
96,Project Management Basics,9/7/2015,77
96,Project Management Basics,9/12/2023,64
97,Leadership 101,7/2/2021,93
98,Safety Training,1/2/2020,94
98,Safety Training,5/24/2020,71
98,Customer Service Excellence,6/14/2023,63
99,Leadership 101,6/15/2023,88
100,Cybersecurity Awareness,3/7/2022,96
100,Excel Advanced,3/4/2024,72
101,Project Management Basics,12/1/2023,71
102,Leadership 101,6/24/2023,81
102,Leadership 101,12/21/2017,93
102,Safety Training,8/21/2015,75
103,Customer Service Excellence,3/11/2024,89
104,Excel Advanced,9/19/2021,93
104,Excel Advanced,3/26/2023,63
104,Project Management Basics,10/6/2017,90
105,Customer Service Excellence,2/22/2022,73
105,Project Management Basics,6/7/2023,96
105,Excel Advanced,3/13/2022,67
106,Leadership 101,3/15/2019,88
106,Cybersecurity Awareness,4/21/2018,80
106,Cybersecurity Awareness,2/27/2016,72
107,Excel Advanced,11/8/2017,62
108,Safety Training,6/7/2018,78
108,Excel Advanced,6/20/2019,95
109,Leadership 101,5/23/2024,73
109,Project Management Basics,7/2/2021,79
109,Safety Training,5/16/2024,90
110,Project Management Basics,11/13/2018,90
110,Safety Training,4/29/2024,76
111,Safety Training,8/9/2018,78
112,Excel Advanced,4/29/2019,93
112,Safety Training,9/30/2018,96
113,Leadership 101,8/8/2015,74
113,Excel Advanced,11/28/2018,72
114,Safety Training,4/23/2016,77
114,Project Management Basics,3/4/2023,87
114,Leadership 101,8/11/2021,63
115,Safety Training,4/5/2023,91
116,Safety Training,10/26/2019,98
116,Cybersecurity Awareness,9/30/2017,98
116,Cybersecurity Awareness,2/7/2018,86
117,Project Management Basics,1/28/2018,67
117,Cybersecurity Awareness,5/19/2018,88
117,Cybersecurity Awareness,7/6/2024,64
118,Customer Service Excellence,11/5/2016,69
118,Customer Service Excellence,5/26/2022,61
119,Cybersecurity Awareness,9/28/2017,81
120,Cybersecurity Awareness,1/31/2018,78
120,Safety Training,8/21/2020,93
120,Safety Training,10/31/2022,79
121,Safety Training,6/6/2023,83
121,Leadership 101,4/14/2017,65
121,Project Management Basics,10/8/2018,93
122,Cybersecurity Awareness,6/17/2019,82
123,Leadership 101,7/15/2015,64
123,Project Management Basics,12/4/2021,75
124,Customer Service Excellence,8/15/2018,62
124,Safety Training,7/20/2016,73
124,Excel Advanced,6/5/2017,92
125,Project Management Basics,6/21/2022,74
126,Project Management Basics,5/6/2017,94
127,Project Management Basics,7/8/2023,81
127,Safety Training,4/9/2015,87
128,Project Management Basics,5/16/2018,82
128,Leadership 101,3/24/2015,60
129,Cybersecurity Awareness,10/20/2021,85
130,Customer Service Excellence,11/10/2018,87
130,Cybersecurity Awareness,1/12/2018,86
131,Project Management Basics,7/31/2017,66
131,Leadership 101,4/22/2024,91
131,Safety Training,6/17/2020,85
132,Safety Training,5/9/2024,66
132,Project Management Basics,1/31/2019,89
132,Customer Service Excellence,1/14/2023,60
133,Excel Advanced,4/4/2023,88
133,Leadership 101,8/13/2019,91
134,Safety Training,9/27/2015,61
134,Leadership 101,10/2/2021,66
135,Customer Service Excellence,4/21/2021,74
135,Leadership 101,1/26/2018,81
135,Leadership 101,2/24/2017,77
136,Project Management Basics,5/3/2015,93
136,Excel Advanced,6/16/2022,98
136,Project Management Basics,4/5/2021,97
137,Safety Training,11/15/2019,77
138,Leadership 101,3/10/2020,88
138,Excel Advanced,3/1/2021,77
138,Cybersecurity Awareness,5/23/2015,99
139,Leadership 101,5/14/2024,95
139,Leadership 101,10/11/2015,74
140,Leadership 101,1/24/2023,67
140,Leadership 101,9/15/2016,92
140,Safety Training,7/22/2024,77
141,Project Management Basics,12/18/2021,80
141,Leadership 101,8/17/2017,87
142,Project Management Basics,11/9/2017,63
143,Excel Advanced,10/9/2018,72
143,Customer Service Excellence,8/11/2015,98
144,Cybersecurity Awareness,5/17/2018,71
144,Excel Advanced,2/3/2024,89
144,Customer Service Excellence,6/28/2022,93
145,Leadership 101,12/25/2016,68
145,Leadership 101,1/27/2019,64
146,Project Management Basics,1/4/2019,87
146,Cybersecurity Awareness,10/3/2022,81
146,Cybersecurity Awareness,5/8/2020,74
147,Excel Advanced,2/27/2019,85
147,Leadership 101,4/21/2022,94
147,Safety Training,3/21/2017,82
148,Excel Advanced,7/9/2024,70
148,Leadership 101,8/27/2018,85
149,Project Management Basics,10/11/2024,95
150,Leadership 101,12/6/2023,80
151,Customer Service Excellence,8/15/2016,74
152,Safety Training,6/26/2021,62
153,Safety Training,1/22/2020,90
153,Leadership 101,5/2/2017,82
153,Excel Advanced,1/9/2018,81
154,Excel Advanced,4/3/2017,81
154,Project Management Basics,2/16/2019,67
155,Safety Training,6/7/2023,73
155,Safety Training,8/18/2015,83
155,Cybersecurity Awareness,5/22/2016,81
156,Customer Service Excellence,2/7/2019,87
156,Safety Training,7/9/2024,90
156,Leadership 101,4/5/2023,82
157,Cybersecurity Awareness,5/26/2017,98
158,Leadership 101,3/21/2024,64
159,Customer Service Excellence,4/18/2017,67
159,Leadership 101,2/6/2020,81
159,Excel Advanced,12/6/2024,97
160,Leadership 101,3/18/2018,63
161,Leadership 101,12/18/2022,89
161,Leadership 101,1/5/2015,78
161,Cybersecurity Awareness,11/27/2022,96
162,Excel Advanced,6/26/2023,72
162,Project Management Basics,9/28/2017,65
162,Project Management Basics,12/27/2024,89
163,Cybersecurity Awareness,2/5/2021,90
163,Excel Advanced,1/27/2019,74
163,Customer Service Excellence,1/27/2023,74
164,Safety Training,9/28/2015,95
165,Leadership 101,7/15/2020,67
165,Cybersecurity Awareness,8/17/2021,81
166,Excel Advanced,10/18/2024,93
166,Leadership 101,6/10/2022,71
166,Project Management Basics,10/17/2024,61
167,Cybersecurity Awareness,7/27/2020,97
167,Cybersecurity Awareness,4/14/2016,76
168,Excel Advanced,1/25/2017,82
168,Excel Advanced,2/17/2016,88
168,Safety Training,3/1/2022,78
169,Customer Service Excellence,1/8/2015,66
170,Customer Service Excellence,6/28/2024,62
170,Customer Service Excellence,11/21/2022,78
170,Leadership 101,2/16/2016,87
171,Cybersecurity Awareness,11/30/2022,99
172,Excel Advanced,5/13/2022,71
172,Safety Training,1/8/2019,97
172,Customer Service Excellence,3/20/2020,84
173,Excel Advanced,3/1/2020,76
174,Safety Training,11/30/2021,61
175,Project Management Basics,9/30/2020,93
176,Project Management Basics,5/12/2022,95
177,Leadership 101,6/22/2019,71
177,Leadership 101,1/5/2019,86
177,Customer Service Excellence,1/16/2020,96
178,Safety Training,7/12/2024,71
178,Project Management Basics,10/26/2018,92
178,Leadership 101,11/26/2019,68
179,Project Management Basics,11/11/2022,82
180,Safety Training,7/22/2017,95
180,Excel Advanced,9/5/2015,64
180,Customer Service Excellence,2/16/2018,88
181,Project Management Basics,6/27/2017,63
182,Excel Advanced,3/14/2023,97
182,Project Management Basics,11/6/2021,70
183,Cybersecurity Awareness,1/1/2019,94
183,Safety Training,3/2/2015,99
183,Excel Advanced,12/19/2020,86
184,Project Management Basics,1/7/2015,70
184,Project Management Basics,10/2/2019,65
185,Project Management Basics,3/27/2020,65
186,Excel Advanced,11/23/2019,61
186,Customer Service Excellence,2/11/2019,98
187,Leadership 101,12/19/2016,80
188,Safety Training,8/6/2017,87
188,Safety Training,1/3/2023,86
189,Safety Training,4/28/2017,96
190,Cybersecurity Awareness,6/23/2023,90
190,Excel Advanced,1/12/2024,63
191,Cybersecurity Awareness,8/7/2021,76
191,Leadership 101,12/24/2018,69
191,Project Management Basics,2/25/2016,80
192,Safety Training,9/27/2016,75
193,Project Management Basics,2/24/2019,77
194,Leadership 101,9/2/2023,83
195,Leadership 101,2/13/2020,64
195,Leadership 101,10/2/2020,95
196,Customer Service Excellence,9/19/2023,97
196,Customer Service Excellence,5/11/2015,95
197,Safety Training,9/24/2022,73
197,Customer Service Excellence,2/13/2017,63
198,Project Management Basics,11/27/2018,83
198,Excel Advanced,4/8/2016,65
199,Customer Service Excellence,3/21/2021,84
200,Excel Advanced,9/10/2016,76
200,Safety Training,12/4/2023,62
201,Excel Advanced,4/18/2018,77
202,Project Management Basics,8/28/2016,64
203,Leadership 101,12/3/2020,91
203,Safety Training,4/11/2021,86
204,Cybersecurity Awareness,8/15/2019,97
205,Safety Training,11/14/2017,67
205,Cybersecurity Awareness,8/21/2015,63
205,Leadership 101,3/13/2024,94
206,Leadership 101,10/16/2022,98
207,Excel Advanced,7/25/2021,76
208,Project Management Basics,5/25/2020,90
208,Safety Training,1/28/2019,61
208,Cybersecurity Awareness,7/6/2015,96
209,Customer Service Excellence,6/10/2022,81
210,Excel Advanced,1/22/2019,92
210,Excel Advanced,2/25/2017,62
211,Cybersecurity Awareness,5/10/2021,89
211,Customer Service Excellence,4/12/2016,64
212,Project Management Basics,11/13/2022,77
212,Leadership 101,9/13/2018,88
212,Project Management Basics,2/9/2021,81
213,Project Management Basics,5/2/2018,82
214,Project Management Basics,1/31/2023,70
214,Safety Training,11/11/2019,97
215,Cybersecurity Awareness,7/3/2024,72
215,Excel Advanced,1/2/2020,95
215,Project Management Basics,10/29/2020,73
216,Safety Training,5/24/2023,76
217,Project Management Basics,12/28/2023,92
218,Safety Training,1/20/2020,61
218,Excel Advanced,11/27/2019,82
219,Excel Advanced,10/6/2023,71
219,Project Management Basics,9/3/2024,69
220,Safety Training,8/20/2016,77
221,Leadership 101,5/3/2024,89
221,Safety Training,3/12/2018,98
221,Excel Advanced,7/9/2021,68
222,Cybersecurity Awareness,5/6/2020,64
223,Safety Training,8/8/2024,71
223,Customer Service Excellence,2/7/2020,67
223,Cybersecurity Awareness,10/3/2020,97
224,Project Management Basics,12/18/2022,93
224,Safety Training,6/6/2019,60
225,Project Management Basics,5/2/2019,94
225,Excel Advanced,7/27/2020,91
225,Safety Training,2/4/2021,75
226,Project Management Basics,1/31/2023,99
226,Project Management Basics,12/26/2016,67
227,Customer Service Excellence,5/2/2024,96
227,Excel Advanced,10/19/2021,71
228,Leadership 101,4/30/2023,63
228,Customer Service Excellence,2/22/2017,83
229,Safety Training,2/5/2016,90
229,Excel Advanced,2/14/2024,93
230,Safety Training,9/27/2024,62
230,Safety Training,4/30/2021,71
231,Cybersecurity Awareness,11/21/2022,88
231,Cybersecurity Awareness,11/23/2021,92
231,Safety Training,4/24/2015,77
232,Project Management Basics,9/27/2018,73
232,Leadership 101,6/17/2019,74
233,Safety Training,1/11/2020,63
233,Safety Training,11/5/2021,62
233,Safety Training,6/18/2020,79
234,Leadership 101,8/11/2018,60
234,Leadership 101,12/30/2015,62
234,Safety Training,9/25/2020,68
235,Leadership 101,11/9/2022,79
235,Project Management Basics,9/10/2022,68
236,Excel Advanced,4/4/2021,87
236,Cybersecurity Awareness,2/4/2015,99
236,Customer Service Excellence,3/31/2020,97
237,Excel Advanced,8/31/2021,73
237,Cybersecurity Awareness,6/23/2020,94
238,Project Management Basics,4/7/2022,98
238,Cybersecurity Awareness,5/6/2019,73
238,Safety Training,9/24/2021,72
239,Project Management Basics,12/12/2020,79
239,Customer Service Excellence,10/24/2018,83
239,Safety Training,2/20/2024,66
240,Cybersecurity Awareness,2/28/2017,70
241,Excel Advanced,5/15/2021,81
241,Safety Training,9/29/2024,77
242,Project Management Basics,1/3/2023,85
242,Customer Service Excellence,4/22/2015,89
242,Excel Advanced,2/23/2024,63
243,Project Management Basics,3/5/2017,99
243,Leadership 101,8/27/2022,87
243,Project Management Basics,1/13/2018,70
244,Safety Training,5/22/2016,95
245,Customer Service Excellence,7/28/2020,69
245,Safety Training,8/24/2020,77
245,Project Management Basics,7/10/2018,89
246,Excel Advanced,8/17/2015,89
246,Excel Advanced,8/18/2021,86
247,Cybersecurity Awareness,12/1/2023,96
248,Customer Service Excellence,10/15/2021,76
248,Leadership 101,3/8/2017,77
248,Project Management Basics,2/13/2024,87
249,Leadership 101,8/2/2018,80
250,Project Management Basics,5/3/2017,95
251,Excel Advanced,4/20/2023,80
252,Project Management Basics,4/18/2023,81
252,Leadership 101,5/18/2019,89
252,Cybersecurity Awareness,2/14/2019,88
253,Excel Advanced,4/1/2023,98
254,Safety Training,5/22/2024,69
254,Cybersecurity Awareness,6/8/2023,91
255,Excel Advanced,11/5/2016,70
256,Customer Service Excellence,1/8/2018,86
256,Customer Service Excellence,7/3/2018,79
257,Customer Service Excellence,7/4/2018,85
257,Project Management Basics,5/3/2021,74
257,Safety Training,11/9/2016,99
258,Customer Service Excellence,6/30/2020,87
258,Excel Advanced,5/9/2024,82
259,Leadership 101,8/16/2022,75
259,Leadership 101,3/14/2017,82
259,Cybersecurity Awareness,5/25/2019,83
260,Excel Advanced,2/3/2018,65
260,Customer Service Excellence,1/13/2022,81
261,Safety Training,1/8/2022,87
261,Excel Advanced,4/9/2024,68
261,Excel Advanced,5/12/2020,87
262,Cybersecurity Awareness,2/24/2020,97
262,Excel Advanced,10/21/2019,83
263,Cybersecurity Awareness,12/13/2021,75
264,Project Management Basics,11/21/2022,64
264,Leadership 101,12/5/2017,80
265,Safety Training,12/12/2021,77
265,Project Management Basics,4/3/2022,79
266,Excel Advanced,7/20/2017,80
267,Leadership 101,10/29/2015,92
267,Customer Service Excellence,5/31/2015,98
268,Excel Advanced,2/10/2017,62
268,Project Management Basics,9/23/2017,69
268,Safety Training,12/28/2015,91
269,Leadership 101,9/5/2020,78
270,Customer Service Excellence,2/7/2017,85
270,Cybersecurity Awareness,3/9/2023,72
271,Leadership 101,10/11/2017,61
271,Leadership 101,10/23/2016,98
271,Project Management Basics,3/17/2021,61
272,Excel Advanced,8/28/2015,96
272,Cybersecurity Awareness,9/15/2024,87
272,Customer Service Excellence,3/15/2021,76
273,Excel Advanced,5/6/2021,75
273,Leadership 101,11/12/2019,95
273,Leadership 101,1/31/2022,87
274,Leadership 101,11/4/2015,84
275,Excel Advanced,6/4/2016,70
276,Safety Training,7/1/2019,80
277,Project Management Basics,7/4/2022,93
277,Project Management Basics,4/8/2018,72
278,Customer Service Excellence,10/12/2016,88
279,Safety Training,4/5/2022,87
279,Excel Advanced,10/25/2017,79
279,Project Management Basics,6/25/2019,98
280,Customer Service Excellence,5/5/2020,88
280,Customer Service Excellence,1/21/2023,60
281,Project Management Basics,1/20/2016,63
281,Safety Training,11/23/2018,89
281,Excel Advanced,12/21/2020,97
282,Project Management Basics,11/7/2021,64
283,Customer Service Excellence,1/15/2020,66
283,Cybersecurity Awareness,5/17/2017,62
284,Customer Service Excellence,3/20/2016,74
284,Project Management Basics,9/9/2024,80
284,Excel Advanced,5/24/2021,71
285,Customer Service Excellence,9/11/2023,66
286,Customer Service Excellence,1/29/2021,90
286,Customer Service Excellence,6/26/2021,70
286,Cybersecurity Awareness,7/14/2023,93
287,Project Management Basics,2/2/2023,92
287,Cybersecurity Awareness,2/21/2016,67
287,Excel Advanced,6/6/2021,67
288,Leadership 101,4/14/2015,86
288,Customer Service Excellence,8/9/2015,73
289,Customer Service Excellence,8/17/2018,96
289,Leadership 101,8/18/2017,68
290,Excel Advanced,8/13/2022,77
290,Cybersecurity Awareness,2/16/2020,65
291,Safety Training,8/4/2015,95
291,Excel Advanced,8/13/2015,92
291,Cybersecurity Awareness,6/23/2018,77
292,Safety Training,2/11/2017,90
292,Customer Service Excellence,1/16/2015,61
292,Leadership 101,10/29/2017,61
293,Leadership 101,8/22/2023,76
294,Cybersecurity Awareness,9/11/2017,78
294,Safety Training,3/16/2019,67
295,Safety Training,4/5/2016,72
295,Excel Advanced,8/26/2017,64
295,Project Management Basics,5/18/2018,99
296,Excel Advanced,7/2/2022,73
297,Cybersecurity Awareness,12/30/2023,92
297,Customer Service Excellence,2/15/2023,88
298,Cybersecurity Awareness,10/16/2024,86
299,Safety Training,9/20/2022,69
300,Cybersecurity Awareness,7/31/2020,98
300,Cybersecurity Awareness,2/5/2024,75
300,Project Management Basics,12/6/2015,69
301,Safety Training,11/17/2022,92
302,Leadership 101,10/9/2021,81
302,Customer Service Excellence,5/9/2023,76
302,Cybersecurity Awareness,2/26/2021,99
303,Excel Advanced,9/17/2017,90
303,Cybersecurity Awareness,1/27/2023,77
304,Leadership 101,10/17/2018,87
304,Customer Service Excellence,9/14/2023,83
305,Customer Service Excellence,1/31/2022,62
306,Cybersecurity Awareness,2/10/2017,99
306,Customer Service Excellence,6/29/2022,91
307,Customer Service Excellence,5/13/2024,92
307,Excel Advanced,11/21/2022,70
307,Customer Service Excellence,9/27/2017,99
308,Safety Training,1/19/2016,76
309,Excel Advanced,2/15/2020,61
309,Customer Service Excellence,6/4/2017,63
310,Customer Service Excellence,5/2/2020,68
310,Safety Training,4/8/2024,94
310,Excel Advanced,1/29/2024,64
311,Project Management Basics,6/22/2021,80
311,Safety Training,7/8/2022,76
312,Safety Training,11/6/2024,91
312,Leadership 101,9/10/2024,73
312,Leadership 101,7/16/2016,60
313,Customer Service Excellence,10/17/2015,85
313,Leadership 101,11/17/2020,80
314,Cybersecurity Awareness,11/1/2023,70
315,Project Management Basics,7/9/2019,73
315,Safety Training,11/9/2020,86
316,Safety Training,8/30/2020,83
316,Project Management Basics,8/28/2020,83
317,Cybersecurity Awareness,1/9/2021,88
317,Excel Advanced,2/27/2021,70
318,Cybersecurity Awareness,3/3/2023,76
318,Leadership 101,10/10/2018,65
318,Customer Service Excellence,5/12/2018,74
319,Customer Service Excellence,12/11/2016,97
319,Safety Training,7/18/2024,88
319,Cybersecurity Awareness,7/31/2024,87
320,Safety Training,2/3/2020,80
320,Customer Service Excellence,2/19/2024,93
320,Leadership 101,5/29/2021,80
321,Safety Training,11/24/2021,69
321,Cybersecurity Awareness,8/18/2015,65
321,Customer Service Excellence,11/29/2018,96
322,Leadership 101,11/14/2022,99
323,Cybersecurity Awareness,6/23/2019,64
324,Cybersecurity Awareness,5/28/2023,78
324,Cybersecurity Awareness,4/30/2024,99
324,Project Management Basics,4/24/2022,82
325,Cybersecurity Awareness,10/25/2016,85
326,Excel Advanced,12/10/2023,99
326,Leadership 101,1/11/2022,68
327,Cybersecurity Awareness,8/16/2023,79
327,Leadership 101,10/16/2020,94
328,Cybersecurity Awareness,9/19/2018,80
328,Cybersecurity Awareness,2/28/2019,74
328,Excel Advanced,4/24/2019,79
329,Customer Service Excellence,6/5/2015,61
329,Safety Training,1/28/2015,93
330,Project Management Basics,9/14/2018,82
330,Leadership 101,5/28/2024,94
331,Leadership 101,9/18/2015,88
331,Project Management Basics,1/19/2021,93
332,Excel Advanced,4/26/2022,68
333,Cybersecurity Awareness,10/4/2024,64
333,Project Management Basics,8/14/2021,86
333,Leadership 101,2/17/2017,89
334,Customer Service Excellence,8/1/2021,98
334,Customer Service Excellence,5/18/2024,83
334,Project Management Basics,6/4/2019,89
335,Project Management Basics,11/21/2024,71
335,Customer Service Excellence,9/26/2023,86
335,Excel Advanced,12/26/2019,61
336,Leadership 101,4/27/2018,88
337,Excel Advanced,4/1/2016,87
338,Safety Training,2/11/2016,72
339,Excel Advanced,7/8/2020,87
340,Customer Service Excellence,7/29/2022,83
340,Safety Training,7/19/2024,80
341,Project Management Basics,2/5/2024,87
342,Excel Advanced,1/22/2023,82
342,Project Management Basics,11/16/2021,69
342,Safety Training,7/24/2021,86
343,Excel Advanced,5/4/2016,83
343,Cybersecurity Awareness,5/4/2017,62
343,Project Management Basics,4/2/2018,73
344,Leadership 101,1/10/2016,91
344,Leadership 101,5/22/2023,79
345,Safety Training,4/25/2023,98
346,Cybersecurity Awareness,7/24/2019,73
346,Excel Advanced,5/2/2016,97
347,Leadership 101,3/18/2023,93
347,Safety Training,2/18/2022,61
347,Safety Training,8/27/2019,65
348,Customer Service Excellence,8/3/2016,97
348,Customer Service Excellence,4/15/2015,81
349,Customer Service Excellence,1/1/2023,90
349,Leadership 101,6/14/2021,88
349,Cybersecurity Awareness,11/11/2015,92
350,Cybersecurity Awareness,3/12/2023,86
350,Leadership 101,10/20/2020,65
351,Cybersecurity Awareness,12/22/2019,93
351,Customer Service Excellence,1/28/2016,95
352,Leadership 101,9/16/2021,60
352,Leadership 101,10/18/2019,93
352,Excel Advanced,9/14/2021,93
353,Leadership 101,7/23/2024,72
353,Customer Service Excellence,8/31/2018,84
353,Safety Training,9/7/2022,71
354,Excel Advanced,8/1/2021,97
355,Cybersecurity Awareness,1/21/2017,65
356,Project Management Basics,12/31/2015,70
357,Project Management Basics,5/19/2015,96
357,Customer Service Excellence,12/23/2019,85
358,Leadership 101,10/26/2023,85
358,Excel Advanced,10/1/2022,98
359,Safety Training,8/26/2019,70
359,Project Management Basics,7/20/2015,82
359,Project Management Basics,7/6/2020,87
360,Cybersecurity Awareness,9/11/2024,84
361,Project Management Basics,8/6/2024,88
361,Leadership 101,3/5/2015,91
362,Customer Service Excellence,1/31/2022,79
362,Safety Training,9/8/2019,61
363,Leadership 101,2/8/2015,64
363,Safety Training,10/4/2015,81
363,Cybersecurity Awareness,2/2/2021,70
364,Safety Training,1/20/2018,95
364,Excel Advanced,10/29/2020,80
365,Customer Service Excellence,3/25/2021,84
366,Project Management Basics,1/8/2020,94
366,Customer Service Excellence,4/17/2023,65
367,Leadership 101,12/23/2020,64
368,Cybersecurity Awareness,3/12/2024,89
368,Project Management Basics,3/14/2023,80
369,Safety Training,6/22/2016,97
370,Safety Training,4/10/2024,91
370,Leadership 101,5/7/2017,63
370,Cybersecurity Awareness,6/15/2019,95
371,Excel Advanced,1/30/2022,65
372,Project Management Basics,10/9/2015,83
372,Project Management Basics,10/11/2024,66
373,Project Management Basics,3/25/2024,73
373,Customer Service Excellence,6/27/2017,85
373,Project Management Basics,8/15/2018,61
374,Safety Training,7/5/2019,82
374,Project Management Basics,2/16/2016,60
375,Customer Service Excellence,6/30/2022,94
375,Leadership 101,8/14/2017,85
376,Safety Training,4/4/2017,71
376,Project Management Basics,1/2/2017,64
376,Cybersecurity Awareness,1/12/2024,66
377,Excel Advanced,10/22/2016,86
378,Project Management Basics,3/12/2019,74
378,Customer Service Excellence,12/20/2019,67
378,Customer Service Excellence,5/17/2021,70
379,Customer Service Excellence,10/24/2021,80
379,Leadership 101,11/24/2016,69
379,Customer Service Excellence,6/30/2022,68
380,Excel Advanced,1/1/2022,81
381,Customer Service Excellence,3/27/2018,93
381,Excel Advanced,10/7/2019,81
382,Excel Advanced,8/5/2021,83
382,Excel Advanced,1/13/2018,98
383,Customer Service Excellence,10/10/2023,66
383,Leadership 101,6/20/2024,72
383,Safety Training,5/27/2020,71
384,Project Management Basics,9/5/2023,74
384,Safety Training,8/19/2018,77
385,Leadership 101,11/1/2015,62
385,Excel Advanced,6/17/2016,94
385,Excel Advanced,4/13/2019,71
386,Leadership 101,10/2/2016,95
386,Safety Training,4/26/2023,82
386,Leadership 101,3/7/2020,87
387,Project Management Basics,8/17/2021,64
388,Safety Training,4/1/2017,69
389,Customer Service Excellence,9/11/2021,83
390,Customer Service Excellence,12/25/2019,80
390,Customer Service Excellence,12/15/2021,99
390,Project Management Basics,10/3/2015,91
391,Cybersecurity Awareness,3/8/2020,99
391,Customer Service Excellence,1/19/2024,80
391,Leadership 101,8/15/2016,60
392,Safety Training,10/19/2018,87
392,Customer Service Excellence,3/17/2023,61
392,Cybersecurity Awareness,9/3/2017,98
393,Leadership 101,11/3/2017,77
393,Project Management Basics,11/29/2017,93
394,Customer Service Excellence,1/19/2024,77
394,Cybersecurity Awareness,3/18/2020,93
394,Leadership 101,5/4/2017,75
395,Customer Service Excellence,3/30/2020,65
395,Excel Advanced,9/21/2021,76
395,Cybersecurity Awareness,11/3/2022,75
396,Customer Service Excellence,2/1/2021,65
396,Project Management Basics,12/5/2022,68
396,Safety Training,8/1/2018,63
397,Safety Training,8/29/2019,85
397,Excel Advanced,10/19/2023,94
398,Project Management Basics,2/2/2021,83
398,Leadership 101,9/21/2015,99
398,Customer Service Excellence,11/14/2017,63
399,Excel Advanced,1/19/2022,70
399,Excel Advanced,9/6/2020,66
399,Customer Service Excellence,10/25/2018,97
400,Excel Advanced,3/12/2022,96
400,Project Management Basics,1/14/2023,94
400,Cybersecurity Awareness,10/7/2016,92
401,Cybersecurity Awareness,11/19/2020,94
401,Cybersecurity Awareness,11/17/2021,91
402,Cybersecurity Awareness,3/13/2021,98
402,Project Management Basics,9/12/2018,83
403,Cybersecurity Awareness,10/9/2017,83
403,Customer Service Excellence,11/30/2015,83
403,Cybersecurity Awareness,2/17/2017,67
404,Project Management Basics,7/31/2024,74
404,Excel Advanced,5/8/2023,61
404,Excel Advanced,3/13/2021,69
405,Excel Advanced,11/9/2024,69
405,Customer Service Excellence,11/22/2021,65
405,Customer Service Excellence,3/16/2021,79
406,Safety Training,3/8/2022,76
407,Cybersecurity Awareness,5/18/2017,74
408,Excel Advanced,9/17/2022,76
408,Leadership 101,6/26/2022,97
408,Safety Training,8/7/2021,61
409,Excel Advanced,11/20/2018,88
409,Cybersecurity Awareness,4/26/2020,68
410,Safety Training,11/14/2015,82
410,Excel Advanced,3/5/2019,88
411,Cybersecurity Awareness,9/26/2022,71
411,Cybersecurity Awareness,6/11/2017,71
411,Excel Advanced,6/7/2015,69
412,Excel Advanced,2/21/2021,79
412,Project Management Basics,7/6/2016,98
413,Leadership 101,5/11/2017,83
413,Cybersecurity Awareness,11/10/2021,97
413,Safety Training,11/6/2016,76
414,Project Management Basics,5/13/2019,62
415,Excel Advanced,4/21/2020,61
416,Customer Service Excellence,9/9/2024,66
416,Cybersecurity Awareness,7/12/2018,66
416,Excel Advanced,7/30/2018,80
417,Customer Service Excellence,9/21/2024,71
417,Project Management Basics,4/15/2016,95
417,Leadership 101,7/24/2021,62
418,Project Management Basics,9/24/2022,93
418,Leadership 101,6/10/2024,73
418,Cybersecurity Awareness,11/25/2017,91
419,Project Management Basics,9/15/2018,71
419,Customer Service Excellence,12/14/2017,99
419,Project Management Basics,5/15/2021,70
420,Safety Training,1/18/2019,69
421,Leadership 101,3/29/2017,86
421,Cybersecurity Awareness,6/2/2016,83
421,Customer Service Excellence,12/9/2015,84
422,Customer Service Excellence,1/25/2018,96
423,Customer Service Excellence,9/10/2023,66
423,Cybersecurity Awareness,9/1/2023,90
424,Customer Service Excellence,3/15/2020,96
425,Leadership 101,4/8/2015,80
426,Excel Advanced,3/13/2015,91
426,Excel Advanced,12/11/2017,89
427,Cybersecurity Awareness,4/19/2024,89
428,Leadership 101,7/30/2018,72
428,Customer Service Excellence,1/2/2016,69
428,Cybersecurity Awareness,7/5/2023,90
429,Customer Service Excellence,1/18/2017,95
429,Project Management Basics,8/24/2016,79
429,Leadership 101,9/12/2015,93
430,Project Management Basics,5/8/2018,63
431,Project Management Basics,10/30/2016,90
431,Project Management Basics,12/28/2024,84
431,Excel Advanced,12/8/2021,62
432,Cybersecurity Awareness,5/8/2016,64
433,Safety Training,12/2/2015,68
433,Customer Service Excellence,10/1/2020,68
434,Safety Training,2/11/2020,63
435,Excel Advanced,7/29/2015,77
436,Cybersecurity Awareness,10/9/2017,92
436,Safety Training,6/22/2022,62
437,Excel Advanced,12/3/2015,71
437,Excel Advanced,11/19/2018,76
437,Project Management Basics,11/5/2016,65
438,Cybersecurity Awareness,8/15/2020,91
438,Project Management Basics,7/14/2018,98
438,Project Management Basics,5/24/2022,72
439,Excel Advanced,3/9/2023,93
439,Project Management Basics,5/3/2018,91
439,Cybersecurity Awareness,6/29/2021,99
440,Customer Service Excellence,12/24/2017,68
441,Safety Training,8/30/2015,66
442,Safety Training,8/12/2020,81
442,Project Management Basics,1/27/2019,67
442,Excel Advanced,4/1/2023,89
443,Customer Service Excellence,7/14/2024,81
443,Cybersecurity Awareness,5/21/2024,66
443,Safety Training,3/20/2020,89
444,Safety Training,9/19/2021,70
445,Project Management Basics,6/21/2023,74
446,Safety Training,8/25/2018,98
446,Customer Service Excellence,4/22/2019,90
446,Cybersecurity Awareness,7/31/2023,88
447,Project Management Basics,6/16/2024,65
447,Cybersecurity Awareness,6/29/2019,76
447,Leadership 101,1/18/2021,82
448,Cybersecurity Awareness,8/22/2020,89
448,Leadership 101,1/22/2017,79
449,Cybersecurity Awareness,10/17/2017,90
449,Customer Service Excellence,3/3/2022,78
450,Excel Advanced,6/8/2022,72
450,Leadership 101,11/22/2016,69
451,Cybersecurity Awareness,3/4/2023,66
452,Safety Training,11/3/2020,73
452,Excel Advanced,3/17/2024,67
453,Safety Training,8/4/2015,98
454,Cybersecurity Awareness,5/25/2022,64
454,Customer Service Excellence,10/13/2019,62
455,Project Management Basics,9/11/2023,96
456,Excel Advanced,6/10/2021,76
457,Leadership 101,12/17/2015,94
458,Safety Training,7/16/2018,96
458,Safety Training,7/7/2023,73
458,Project Management Basics,6/20/2017,88
459,Cybersecurity Awareness,11/24/2019,68
459,Cybersecurity Awareness,8/27/2019,82
459,Excel Advanced,8/17/2023,66
460,Customer Service Excellence,2/2/2017,84
460,Cybersecurity Awareness,12/12/2022,70
460,Excel Advanced,8/12/2024,67
461,Leadership 101,5/31/2021,60
461,Customer Service Excellence,5/14/2016,72
462,Excel Advanced,5/24/2022,96
462,Customer Service Excellence,3/30/2019,72
463,Leadership 101,9/9/2021,87
463,Excel Advanced,11/11/2017,79
464,Project Management Basics,7/6/2024,70
464,Excel Advanced,2/21/2023,85
464,Excel Advanced,11/4/2017,89
465,Excel Advanced,11/23/2019,91
466,Leadership 101,6/10/2022,75
467,Cybersecurity Awareness,5/3/2016,98
467,Project Management Basics,3/6/2017,78
468,Leadership 101,9/30/2015,80
468,Leadership 101,1/21/2021,93
468,Customer Service Excellence,12/30/2024,91
469,Leadership 101,5/2/2024,91
469,Cybersecurity Awareness,7/7/2015,86
469,Project Management Basics,7/27/2015,69
470,Safety Training,11/3/2016,69
470,Project Management Basics,12/12/2021,85
471,Cybersecurity Awareness,11/17/2024,61
471,Excel Advanced,2/25/2020,79
472,Customer Service Excellence,12/29/2019,60
472,Safety Training,10/7/2015,92
472,Customer Service Excellence,3/19/2024,94
473,Safety Training,11/13/2022,92
474,Customer Service Excellence,6/11/2019,97
474,Leadership 101,9/21/2024,78
474,Leadership 101,12/20/2023,87
475,Customer Service Excellence,3/7/2018,78
475,Leadership 101,9/7/2019,67
476,Customer Service Excellence,5/31/2015,89
476,Excel Advanced,5/9/2017,72
476,Cybersecurity Awareness,2/1/2024,96
477,Project Management Basics,4/25/2015,76
477,Project Management Basics,7/15/2022,81
478,Customer Service Excellence,4/30/2024,79
478,Cybersecurity Awareness,6/5/2017,69
478,Leadership 101,3/20/2017,85
479,Excel Advanced,9/10/2015,82
480,Excel Advanced,2/25/2023,81
481,Safety Training,12/19/2020,66
481,Cybersecurity Awareness,4/19/2024,90
481,Safety Training,1/11/2018,63
482,Safety Training,12/13/2020,81
482,Customer Service Excellence,4/14/2017,82
483,Excel Advanced,6/14/2017,73
483,Excel Advanced,4/26/2022,62
484,Customer Service Excellence,9/10/2024,85
484,Project Management Basics,1/1/2015,89
484,Customer Service Excellence,1/9/2023,63
485,Project Management Basics,4/21/2020,71
485,Leadership 101,8/29/2019,95
486,Safety Training,12/29/2024,98
487,Project Management Basics,5/14/2019,74
487,Leadership 101,3/19/2024,75
488,Leadership 101,1/11/2024,69
489,Safety Training,10/11/2015,86
489,Leadership 101,9/27/2024,77
489,Leadership 101,9/18/2023,89
490,Safety Training,8/18/2023,61
491,Safety Training,11/9/2019,67
492,Leadership 101,2/26/2019,79
492,Project Management Basics,6/28/2018,94
493,Project Management Basics,11/23/2024,75
493,Excel Advanced,3/31/2018,91
493,Cybersecurity Awareness,2/27/2024,83
494,Project Management Basics,7/12/2019,82
494,Cybersecurity Awareness,6/25/2024,82
494,Customer Service Excellence,2/9/2016,78
495,Safety Training,2/22/2022,66
495,Cybersecurity Awareness,11/29/2020,83
495,Project Management Basics,6/7/2021,67
496,Excel Advanced,10/23/2017,93
497,Excel Advanced,2/10/2021,91
498,Leadership 101,11/10/2017,60
498,Cybersecurity Awareness,5/21/2019,85
498,Project Management Basics,6/9/2020,83
499,Cybersecurity Awareness,6/25/2024,96
499,Cybersecurity Awareness,6/14/2020,77
500,Customer Service Excellence,10/6/2019,95
500,Project Management Basics,4/14/2015,61
501,Customer Service Excellence,2/1/2018,93
501,Customer Service Excellence,1/4/2016,65
501,Excel Advanced,11/3/2019,69
502,Project Management Basics,7/20/2024,98
502,Project Management Basics,5/15/2015,88
503,Cybersecurity Awareness,12/16/2018,98
503,Customer Service Excellence,2/4/2017,84
503,Cybersecurity Awareness,10/22/2023,96
504,Leadership 101,6/19/2016,77
504,Cybersecurity Awareness,9/27/2020,85
504,Project Management Basics,10/22/2016,70
505,Project Management Basics,9/10/2022,76
506,Excel Advanced,1/3/2023,97
506,Customer Service Excellence,6/1/2022,63
506,Project Management Basics,5/23/2016,91
507,Leadership 101,7/14/2022,87
507,Leadership 101,10/19/2015,96
508,Customer Service Excellence,3/22/2017,85
508,Project Management Basics,7/2/2015,83
508,Customer Service Excellence,10/11/2016,97
509,Project Management Basics,10/20/2020,61
510,Safety Training,5/18/2016,80
510,Cybersecurity Awareness,4/7/2024,86
510,Safety Training,3/13/2024,85
511,Customer Service Excellence,6/10/2015,76
511,Excel Advanced,12/14/2020,67
511,Customer Service Excellence,9/2/2019,76
512,Leadership 101,4/5/2021,77
512,Excel Advanced,7/12/2020,98
513,Project Management Basics,10/20/2024,82
514,Cybersecurity Awareness,6/29/2020,92
514,Project Management Basics,5/15/2016,87
515,Cybersecurity Awareness,5/18/2019,66
515,Safety Training,11/28/2020,61
515,Customer Service Excellence,6/7/2020,63
516,Excel Advanced,8/21/2018,88
516,Customer Service Excellence,12/7/2022,96
517,Excel Advanced,3/22/2019,83
517,Safety Training,3/12/2019,74
517,Safety Training,7/5/2016,71
518,Cybersecurity Awareness,1/26/2024,73
518,Project Management Basics,10/28/2016,96
519,Excel Advanced,11/20/2019,97
520,Leadership 101,2/18/2019,62
520,Project Management Basics,6/4/2019,71
521,Customer Service Excellence,9/1/2016,90
521,Leadership 101,6/22/2024,71
522,Excel Advanced,8/15/2016,70
522,Customer Service Excellence,9/11/2020,99
523,Customer Service Excellence,4/26/2021,91
523,Customer Service Excellence,5/3/2021,76
524,Customer Service Excellence,8/12/2019,92
524,Project Management Basics,11/7/2018,64
524,Cybersecurity Awareness,10/17/2017,91
525,Excel Advanced,12/17/2017,67
526,Leadership 101,3/4/2017,99
526,Excel Advanced,4/14/2019,68
526,Customer Service Excellence,8/20/2023,66
527,Excel Advanced,10/4/2015,75
527,Safety Training,8/20/2017,91
528,Cybersecurity Awareness,12/24/2024,91
528,Project Management Basics,10/13/2023,91
529,Customer Service Excellence,2/10/2017,88
529,Excel Advanced,11/20/2018,96
530,Customer Service Excellence,11/25/2023,78
530,Safety Training,6/6/2018,90
530,Customer Service Excellence,4/18/2015,85
531,Customer Service Excellence,9/3/2021,88
532,Cybersecurity Awareness,11/28/2018,69
533,Leadership 101,5/23/2016,91
533,Safety Training,10/25/2024,69
534,Excel Advanced,4/1/2015,78
535,Excel Advanced,10/27/2022,75
535,Project Management Basics,4/19/2021,79
535,Leadership 101,1/7/2019,95
536,Project Management Basics,10/20/2020,72
537,Project Management Basics,7/5/2021,95
538,Cybersecurity Awareness,7/18/2024,95
538,Cybersecurity Awareness,7/24/2021,82
538,Cybersecurity Awareness,9/29/2021,70
539,Project Management Basics,10/26/2019,64
539,Safety Training,9/6/2015,90
540,Excel Advanced,12/11/2022,94
541,Leadership 101,11/21/2024,82
541,Leadership 101,7/14/2021,75
541,Leadership 101,11/12/2020,75
542,Leadership 101,9/16/2015,82
542,Customer Service Excellence,3/20/2023,68
543,Project Management Basics,3/14/2024,73
543,Cybersecurity Awareness,11/9/2020,83
543,Customer Service Excellence,9/14/2023,66
544,Customer Service Excellence,6/5/2021,84
544,Excel Advanced,11/6/2018,61
545,Excel Advanced,10/19/2021,60
546,Safety Training,1/20/2017,99
546,Safety Training,6/25/2021,67
546,Project Management Basics,7/10/2020,67
547,Excel Advanced,8/22/2020,60
548,Cybersecurity Awareness,6/30/2022,96
549,Cybersecurity Awareness,4/18/2015,64
550,Excel Advanced,2/8/2021,61
551,Safety Training,5/26/2023,81
551,Excel Advanced,12/19/2022,70
551,Leadership 101,3/10/2024,62
552,Safety Training,10/7/2019,62
553,Project Management Basics,3/27/2016,73
553,Excel Advanced,8/6/2020,82
554,Excel Advanced,11/17/2015,74
555,Excel Advanced,6/3/2017,61
555,Cybersecurity Awareness,12/7/2022,98
556,Customer Service Excellence,11/20/2024,89
556,Excel Advanced,9/2/2024,62
557,Project Management Basics,6/14/2018,85
557,Safety Training,1/7/2022,75
557,Leadership 101,12/17/2022,67
558,Safety Training,11/21/2020,75
558,Customer Service Excellence,5/23/2021,82
559,Leadership 101,8/11/2023,86
559,Safety Training,4/4/2024,81
560,Customer Service Excellence,3/17/2022,92
560,Cybersecurity Awareness,1/15/2024,93
561,Customer Service Excellence,11/21/2019,85
561,Project Management Basics,12/15/2023,86
561,Project Management Basics,3/20/2022,76
562,Safety Training,7/17/2021,85
563,Safety Training,9/10/2021,82
563,Customer Service Excellence,7/1/2022,89
563,Leadership 101,11/6/2017,86
564,Excel Advanced,6/24/2024,63
564,Safety Training,10/8/2024,90
564,Project Management Basics,4/4/2015,90
565,Customer Service Excellence,12/6/2015,99
565,Customer Service Excellence,8/4/2021,82
566,Safety Training,3/16/2017,68
566,Leadership 101,12/1/2016,75
566,Cybersecurity Awareness,10/22/2016,68
567,Leadership 101,2/10/2018,95
568,Cybersecurity Awareness,6/23/2022,73
568,Leadership 101,12/6/2022,87
568,Leadership 101,3/27/2023,67
569,Safety Training,8/24/2020,98
569,Project Management Basics,8/16/2019,70
570,Safety Training,3/19/2019,98
571,Leadership 101,1/29/2018,79
571,Cybersecurity Awareness,9/16/2021,72
572,Project Management Basics,2/25/2017,75
572,Cybersecurity Awareness,4/13/2017,60
572,Safety Training,1/25/2023,83
573,Excel Advanced,1/21/2016,75
573,Leadership 101,4/25/2023,96
574,Safety Training,6/23/2020,76
574,Leadership 101,1/18/2023,88
575,Project Management Basics,10/27/2016,97
576,Project Management Basics,5/12/2024,68
577,Customer Service Excellence,12/5/2022,90
577,Customer Service Excellence,4/19/2016,88
578,Customer Service Excellence,2/23/2018,86
579,Excel Advanced,9/21/2024,70
580,Project Management Basics,1/12/2024,61
581,Leadership 101,9/17/2022,65
581,Customer Service Excellence,11/7/2021,61
582,Project Management Basics,5/9/2016,64
582,Cybersecurity Awareness,2/19/2017,78
583,Excel Advanced,1/13/2020,60
583,Customer Service Excellence,2/15/2019,77
583,Safety Training,7/7/2019,91
584,Leadership 101,1/19/2019,70
585,Cybersecurity Awareness,4/12/2015,97
586,Cybersecurity Awareness,8/11/2020,69
586,Cybersecurity Awareness,10/1/2024,68
587,Leadership 101,2/9/2017,61
587,Customer Service Excellence,1/9/2017,67
587,Cybersecurity Awareness,6/15/2020,85
588,Safety Training,8/1/2017,89
588,Leadership 101,4/12/2015,67
589,Safety Training,9/16/2018,84
589,Leadership 101,8/16/2021,64
589,Cybersecurity Awareness,5/24/2016,71
590,Safety Training,6/29/2023,86
590,Safety Training,6/4/2021,64
590,Leadership 101,11/27/2019,79
591,Project Management Basics,4/6/2020,63
592,Project Management Basics,8/15/2019,70
592,Customer Service Excellence,5/28/2016,65
592,Leadership 101,9/20/2015,97
593,Cybersecurity Awareness,6/25/2022,68
593,Cybersecurity Awareness,7/22/2023,87
594,Project Management Basics,5/8/2015,78
594,Project Management Basics,6/10/2020,63
594,Customer Service Excellence,6/8/2016,87
595,Excel Advanced,1/26/2017,61
596,Leadership 101,10/17/2023,99
596,Cybersecurity Awareness,2/28/2023,83
597,Customer Service Excellence,5/7/2019,68
597,Project Management Basics,4/22/2023,63
598,Project Management Basics,12/19/2020,93
599,Safety Training,10/14/2016,74
599,Safety Training,6/17/2015,97
600,Customer Service Excellence,11/17/2019,61
601,Cybersecurity Awareness,12/21/2018,67
601,Customer Service Excellence,11/12/2023,77
602,Excel Advanced,8/13/2023,65
602,Leadership 101,2/19/2024,81
603,Project Management Basics,8/31/2015,84
603,Leadership 101,9/10/2022,90
604,Excel Advanced,7/3/2016,78
605,Project Management Basics,12/24/2018,96
605,Cybersecurity Awareness,3/17/2015,78
606,Excel Advanced,1/13/2019,74
607,Customer Service Excellence,11/14/2015,67
607,Customer Service Excellence,8/2/2024,94
608,Project Management Basics,5/16/2020,89
608,Excel Advanced,11/25/2015,89
609,Project Management Basics,5/2/2020,61
610,Leadership 101,10/4/2019,81
611,Project Management Basics,3/21/2018,85
611,Excel Advanced,7/18/2024,82
611,Leadership 101,11/25/2019,61
612,Excel Advanced,4/5/2018,92
612,Excel Advanced,2/4/2019,71
612,Excel Advanced,1/14/2024,68
613,Cybersecurity Awareness,6/13/2018,62
613,Customer Service Excellence,4/19/2023,83
613,Project Management Basics,4/7/2015,89
614,Cybersecurity Awareness,10/18/2017,61
614,Excel Advanced,8/12/2018,81
615,Customer Service Excellence,10/30/2021,71
615,Cybersecurity Awareness,7/22/2018,79
615,Project Management Basics,8/7/2016,77
616,Excel Advanced,7/23/2020,77
617,Customer Service Excellence,8/4/2019,67
617,Project Management Basics,4/22/2015,82
617,Project Management Basics,1/10/2016,72
618,Safety Training,6/6/2023,99
618,Safety Training,3/10/2022,62
619,Cybersecurity Awareness,11/9/2016,82
619,Project Management Basics,9/12/2022,66
620,Cybersecurity Awareness,9/15/2019,67
621,Project Management Basics,7/12/2019,71
621,Project Management Basics,8/29/2018,69
621,Safety Training,2/26/2020,80
622,Cybersecurity Awareness,10/20/2016,88
623,Cybersecurity Awareness,11/16/2015,92
623,Customer Service Excellence,3/31/2016,70
623,Customer Service Excellence,8/5/2018,84
624,Project Management Basics,2/16/2019,85
625,Customer Service Excellence,3/8/2017,92
625,Excel Advanced,7/5/2020,84
625,Leadership 101,6/20/2019,63
626,Cybersecurity Awareness,12/16/2017,98
626,Excel Advanced,8/6/2018,81
626,Cybersecurity Awareness,4/9/2023,95
627,Safety Training,8/15/2024,76
627,Project Management Basics,4/29/2020,83
628,Safety Training,10/22/2017,79
629,Project Management Basics,9/22/2022,86
629,Excel Advanced,10/30/2018,83
629,Excel Advanced,6/3/2019,92
630,Cybersecurity Awareness,5/10/2018,80
630,Leadership 101,6/1/2016,89
631,Project Management Basics,7/1/2016,62
631,Cybersecurity Awareness,11/19/2017,77
631,Excel Advanced,11/17/2021,80
632,Safety Training,8/22/2016,63
632,Customer Service Excellence,8/5/2024,84
633,Safety Training,1/27/2022,86
633,Customer Service Excellence,8/29/2016,94
633,Cybersecurity Awareness,5/12/2021,75
634,Excel Advanced,10/1/2019,77
634,Customer Service Excellence,1/30/2023,86
634,Project Management Basics,2/20/2017,77
635,Customer Service Excellence,12/26/2021,90
636,Project Management Basics,2/10/2024,60
636,Cybersecurity Awareness,10/24/2023,98
637,Customer Service Excellence,8/18/2019,75
637,Customer Service Excellence,6/20/2020,93
637,Safety Training,3/23/2019,79
638,Cybersecurity Awareness,9/11/2024,79
638,Cybersecurity Awareness,3/23/2022,84
638,Customer Service Excellence,8/10/2021,60
639,Customer Service Excellence,4/27/2017,96
640,Project Management Basics,7/30/2018,94
641,Cybersecurity Awareness,11/4/2015,61
641,Customer Service Excellence,3/1/2022,84
642,Customer Service Excellence,4/22/2022,72
642,Project Management Basics,3/7/2017,91
642,Cybersecurity Awareness,1/28/2023,68
643,Safety Training,2/15/2023,69
644,Excel Advanced,9/19/2015,79
644,Project Management Basics,1/15/2024,71
644,Cybersecurity Awareness,9/8/2018,77
645,Leadership 101,6/17/2022,78
646,Customer Service Excellence,1/22/2020,77
647,Safety Training,11/30/2023,93
647,Customer Service Excellence,10/4/2019,81
648,Project Management Basics,4/2/2020,63
648,Cybersecurity Awareness,11/15/2015,62
649,Excel Advanced,9/5/2015,87
650,Leadership 101,4/15/2020,72
650,Project Management Basics,5/25/2024,92
651,Project Management Basics,3/8/2022,78
651,Cybersecurity Awareness,9/12/2020,63
651,Excel Advanced,4/24/2019,67
652,Customer Service Excellence,10/2/2016,64
653,Excel Advanced,1/23/2023,94
653,Excel Advanced,9/8/2017,88
653,Leadership 101,2/5/2016,89
654,Safety Training,12/19/2017,60
654,Project Management Basics,5/12/2015,68
654,Excel Advanced,3/23/2017,91
655,Excel Advanced,8/23/2020,85
656,Safety Training,11/22/2021,86
656,Safety Training,12/11/2015,95
656,Cybersecurity Awareness,12/12/2023,91
657,Cybersecurity Awareness,7/13/2015,98
658,Cybersecurity Awareness,4/30/2018,84
659,Cybersecurity Awareness,8/27/2017,96
660,Safety Training,12/26/2015,88
661,Leadership 101,3/13/2022,73
662,Excel Advanced,12/5/2018,64
663,Leadership 101,5/1/2022,74
663,Cybersecurity Awareness,9/17/2022,83
663,Project Management Basics,4/4/2016,73
664,Project Management Basics,2/22/2019,79
665,Customer Service Excellence,3/30/2019,73
665,Excel Advanced,11/8/2019,94
666,Excel Advanced,10/15/2024,78
666,Customer Service Excellence,12/9/2022,82
667,Cybersecurity Awareness,5/27/2016,63
667,Cybersecurity Awareness,6/28/2019,76
668,Excel Advanced,3/22/2022,91
668,Excel Advanced,4/10/2015,79
669,Leadership 101,2/10/2023,98
669,Excel Advanced,4/16/2016,73
669,Safety Training,1/13/2021,73
670,Cybersecurity Awareness,10/23/2020,99
670,Cybersecurity Awareness,6/23/2023,81
670,Cybersecurity Awareness,9/9/2019,80
671,Customer Service Excellence,9/19/2018,68
671,Project Management Basics,8/26/2019,95
672,Customer Service Excellence,1/15/2015,87
673,Leadership 101,1/25/2019,72
673,Project Management Basics,2/2/2018,90
674,Safety Training,7/14/2021,67
675,Excel Advanced,6/18/2015,76
676,Safety Training,10/14/2023,93
677,Cybersecurity Awareness,2/7/2017,99
678,Project Management Basics,8/10/2024,91
678,Cybersecurity Awareness,1/17/2016,93
678,Safety Training,5/19/2024,87
679,Cybersecurity Awareness,12/6/2023,70
680,Safety Training,5/2/2022,85
680,Leadership 101,4/10/2017,64
680,Customer Service Excellence,5/7/2017,65
681,Cybersecurity Awareness,7/16/2016,93
682,Project Management Basics,10/18/2023,84
682,Safety Training,1/24/2023,73
683,Leadership 101,5/25/2024,99
684,Project Management Basics,8/16/2019,86
684,Leadership 101,1/14/2020,83
684,Project Management Basics,3/27/2017,92
685,Safety Training,9/23/2020,90
685,Leadership 101,5/29/2017,97
685,Project Management Basics,3/4/2021,99
686,Cybersecurity Awareness,8/3/2023,70
686,Project Management Basics,9/12/2021,92
687,Project Management Basics,3/18/2020,91
688,Excel Advanced,7/23/2017,92
689,Leadership 101,4/24/2018,93
690,Project Management Basics,2/4/2023,64
690,Project Management Basics,10/9/2024,78
690,Leadership 101,5/13/2021,62
691,Customer Service Excellence,2/24/2023,89
691,Safety Training,10/8/2022,64
692,Leadership 101,1/12/2022,83
692,Cybersecurity Awareness,7/26/2024,71
692,Customer Service Excellence,6/15/2018,86
693,Project Management Basics,5/4/2016,80
693,Safety Training,11/27/2017,94
694,Safety Training,2/16/2019,92
694,Safety Training,7/27/2017,76
694,Excel Advanced,3/7/2023,79
695,Leadership 101,10/6/2015,98
695,Excel Advanced,3/27/2016,85
695,Excel Advanced,8/28/2016,88
696,Safety Training,10/30/2017,79
696,Project Management Basics,6/30/2020,93
697,Excel Advanced,5/24/2022,82
698,Project Management Basics,4/14/2016,73
698,Leadership 101,6/13/2019,77
699,Project Management Basics,2/27/2020,67
699,Leadership 101,6/27/2020,79
699,Project Management Basics,8/21/2021,75
700,Leadership 101,11/28/2018,84
700,Project Management Basics,9/30/2018,95
701,Customer Service Excellence,12/18/2018,75
701,Customer Service Excellence,5/30/2016,69
701,Excel Advanced,2/20/2022,90
702,Customer Service Excellence,4/7/2017,70
702,Cybersecurity Awareness,11/9/2017,82
703,Leadership 101,11/29/2015,94
703,Cybersecurity Awareness,11/25/2018,69
703,Leadership 101,8/23/2022,97
704,Project Management Basics,1/11/2018,91
704,Project Management Basics,8/1/2020,92
705,Excel Advanced,4/20/2022,84
706,Customer Service Excellence,6/28/2017,97
707,Leadership 101,4/21/2019,83
708,Project Management Basics,1/18/2023,98
709,Safety Training,9/26/2015,61
709,Excel Advanced,2/25/2023,74
709,Leadership 101,12/17/2017,61
710,Leadership 101,5/24/2019,93
711,Leadership 101,5/31/2016,67
711,Cybersecurity Awareness,4/7/2021,73
711,Safety Training,5/10/2017,89
712,Leadership 101,6/6/2018,63
712,Customer Service Excellence,2/26/2023,66
712,Leadership 101,9/12/2017,91
713,Safety Training,12/22/2022,83
713,Project Management Basics,3/31/2024,60
713,Leadership 101,5/11/2022,97
714,Safety Training,1/5/2021,82
714,Leadership 101,4/12/2018,64
715,Leadership 101,7/17/2024,99
715,Safety Training,8/20/2023,65
715,Project Management Basics,2/4/2020,77
716,Safety Training,1/16/2022,79
716,Excel Advanced,4/12/2015,80
716,Cybersecurity Awareness,9/28/2019,72
717,Safety Training,11/29/2015,72
717,Safety Training,2/19/2019,96
718,Cybersecurity Awareness,1/27/2018,97
719,Leadership 101,8/11/2017,85
719,Customer Service Excellence,4/4/2016,61
719,Leadership 101,2/15/2022,79
720,Safety Training,11/7/2015,69
720,Leadership 101,2/7/2020,99
720,Safety Training,5/1/2019,95
721,Customer Service Excellence,10/27/2020,77
721,Leadership 101,9/3/2015,74
721,Leadership 101,4/16/2016,94
722,Cybersecurity Awareness,5/21/2015,68
722,Safety Training,2/18/2018,94
723,Leadership 101,5/8/2016,75
723,Safety Training,11/27/2020,95
724,Cybersecurity Awareness,11/24/2018,67
724,Customer Service Excellence,5/20/2016,60
725,Safety Training,11/17/2019,85
725,Customer Service Excellence,6/16/2016,94
726,Project Management Basics,11/26/2021,91
726,Leadership 101,5/7/2022,80
727,Safety Training,2/14/2022,95
727,Leadership 101,3/5/2024,92
727,Cybersecurity Awareness,9/2/2021,62
728,Cybersecurity Awareness,9/5/2019,91
728,Leadership 101,5/14/2021,70
728,Cybersecurity Awareness,5/24/2023,97
729,Customer Service Excellence,8/24/2023,63
729,Leadership 101,8/19/2015,62
729,Project Management Basics,7/30/2020,69
730,Safety Training,1/22/2022,77
731,Safety Training,6/16/2023,83
731,Cybersecurity Awareness,4/4/2020,64
731,Safety Training,11/6/2023,76
732,Project Management Basics,3/10/2021,81
733,Project Management Basics,8/30/2019,93
733,Project Management Basics,7/25/2015,75
733,Excel Advanced,7/8/2018,77
734,Excel Advanced,5/26/2017,86
734,Leadership 101,3/14/2022,70
734,Customer Service Excellence,10/15/2019,76
735,Excel Advanced,10/28/2019,72
735,Project Management Basics,10/6/2015,60
735,Customer Service Excellence,9/28/2019,89
736,Excel Advanced,1/13/2020,75
736,Leadership 101,7/27/2017,62
736,Safety Training,6/7/2016,71
737,Leadership 101,11/8/2024,88
737,Excel Advanced,12/4/2020,80
737,Project Management Basics,11/26/2020,64
738,Safety Training,2/16/2020,71
739,Customer Service Excellence,8/10/2020,67
740,Customer Service Excellence,5/11/2021,84
740,Customer Service Excellence,10/14/2015,61
740,Leadership 101,9/24/2016,84
741,Cybersecurity Awareness,3/31/2023,63
741,Excel Advanced,9/1/2015,71
741,Project Management Basics,9/14/2021,80
742,Project Management Basics,4/18/2023,95
743,Safety Training,8/24/2020,89
743,Safety Training,10/5/2024,70
743,Cybersecurity Awareness,10/24/2021,72
744,Leadership 101,9/29/2024,93
744,Project Management Basics,12/25/2024,79
744,Customer Service Excellence,5/10/2015,67
745,Project Management Basics,5/29/2020,66
745,Customer Service Excellence,4/9/2018,90
746,Customer Service Excellence,11/30/2018,87
747,Customer Service Excellence,10/8/2017,60
748,Cybersecurity Awareness,11/18/2016,75
749,Safety Training,12/12/2021,83
750,Cybersecurity Awareness,10/2/2023,65
751,Project Management Basics,8/28/2023,87
751,Cybersecurity Awareness,11/28/2020,95
752,Leadership 101,5/11/2022,86
752,Leadership 101,2/19/2021,78
752,Customer Service Excellence,2/8/2019,80
753,Safety Training,10/19/2017,74
753,Safety Training,2/25/2023,99
753,Excel Advanced,5/9/2015,83
754,Project Management Basics,11/16/2017,68
754,Excel Advanced,12/10/2015,76
754,Customer Service Excellence,8/26/2016,98
755,Project Management Basics,2/21/2021,88
755,Excel Advanced,1/11/2020,87
755,Safety Training,10/23/2021,96
756,Cybersecurity Awareness,1/17/2017,88
757,Project Management Basics,12/8/2019,61
758,Safety Training,9/5/2015,98
758,Safety Training,7/2/2019,67
759,Project Management Basics,10/30/2018,82
759,Leadership 101,3/24/2018,82
760,Cybersecurity Awareness,2/26/2023,76
760,Customer Service Excellence,10/3/2017,69
761,Safety Training,4/24/2021,76
761,Cybersecurity Awareness,12/20/2022,75
762,Cybersecurity Awareness,5/26/2019,78
763,Cybersecurity Awareness,10/22/2022,69
764,Excel Advanced,7/12/2023,74
764,Customer Service Excellence,11/24/2020,62
764,Excel Advanced,9/26/2019,94
765,Leadership 101,8/3/2016,74
765,Excel Advanced,3/17/2024,92
765,Project Management Basics,11/12/2021,68
766,Project Management Basics,2/5/2017,79
767,Project Management Basics,1/14/2015,82
767,Customer Service Excellence,8/31/2023,94
768,Project Management Basics,2/26/2022,86
768,Safety Training,11/22/2024,62
768,Customer Service Excellence,6/7/2016,90
769,Leadership 101,2/15/2016,83
770,Project Management Basics,4/17/2022,70
771,Cybersecurity Awareness,11/25/2015,75
771,Project Management Basics,8/23/2020,89
771,Project Management Basics,9/13/2016,83
772,Leadership 101,5/21/2015,92
772,Leadership 101,12/6/2020,68
773,Safety Training,12/4/2018,72
774,Leadership 101,1/13/2021,87
775,Project Management Basics,1/11/2016,79
776,Cybersecurity Awareness,7/28/2024,74
776,Customer Service Excellence,3/21/2022,67
776,Safety Training,2/1/2019,65
777,Excel Advanced,2/4/2024,80
777,Leadership 101,10/19/2023,92
778,Excel Advanced,7/25/2023,78
779,Project Management Basics,9/1/2022,96
780,Leadership 101,9/1/2017,64
781,Excel Advanced,7/25/2021,66
782,Safety Training,4/11/2023,69
782,Excel Advanced,12/10/2016,72
783,Project Management Basics,11/9/2018,92
783,Leadership 101,12/17/2023,96
784,Leadership 101,10/10/2023,65
785,Project Management Basics,7/3/2022,97
785,Customer Service Excellence,11/29/2023,69
785,Cybersecurity Awareness,7/10/2021,98
786,Cybersecurity Awareness,2/27/2020,62
786,Excel Advanced,3/26/2020,75
786,Cybersecurity Awareness,11/15/2016,76
787,Cybersecurity Awareness,1/23/2016,84
787,Cybersecurity Awareness,3/16/2021,71
787,Leadership 101,10/11/2020,86
788,Safety Training,11/23/2019,85
789,Customer Service Excellence,6/21/2023,65
789,Project Management Basics,11/8/2017,96
790,Excel Advanced,5/22/2022,83
790,Leadership 101,8/1/2024,96
791,Safety Training,10/7/2021,63
791,Leadership 101,7/13/2021,89
791,Excel Advanced,7/18/2018,96
792,Safety Training,9/15/2022,71
792,Excel Advanced,5/23/2019,63
792,Safety Training,3/15/2023,73
793,Excel Advanced,12/17/2017,67
793,Leadership 101,9/20/2021,60
793,Customer Service Excellence,10/4/2020,70
794,Cybersecurity Awareness,3/20/2019,88
794,Excel Advanced,1/17/2015,78
794,Excel Advanced,8/25/2015,83
795,Excel Advanced,10/10/2017,91
795,Cybersecurity Awareness,2/19/2016,75
796,Project Management Basics,6/8/2017,93
796,Customer Service Excellence,9/24/2024,96
797,Leadership 101,12/28/2020,77
798,Project Management Basics,1/14/2023,92
798,Project Management Basics,9/12/2023,77
799,Cybersecurity Awareness,7/22/2024,96
800,Safety Training,4/2/2022,66
800,Customer Service Excellence,3/18/2019,92
801,Project Management Basics,3/10/2020,82
802,Project Management Basics,2/22/2018,73
803,Safety Training,2/17/2020,82
803,Excel Advanced,5/29/2018,66
803,Customer Service Excellence,7/19/2021,84
804,Cybersecurity Awareness,7/14/2020,62
804,Leadership 101,10/28/2018,73
805,Leadership 101,12/4/2024,68
805,Customer Service Excellence,10/20/2021,66
805,Cybersecurity Awareness,4/3/2022,66
806,Customer Service Excellence,5/10/2023,95
806,Project Management Basics,4/29/2022,72
806,Leadership 101,8/20/2017,79
807,Cybersecurity Awareness,1/19/2020,81
808,Leadership 101,5/17/2024,82
809,Safety Training,8/3/2015,97
810,Leadership 101,6/20/2019,87
810,Project Management Basics,8/28/2016,99
811,Safety Training,11/15/2015,77
812,Leadership 101,1/26/2023,85
813,Leadership 101,12/21/2017,71
813,Leadership 101,8/7/2017,77
813,Safety Training,3/26/2019,95
814,Project Management Basics,7/29/2023,84
814,Safety Training,11/17/2016,68
815,Customer Service Excellence,9/29/2021,64
815,Leadership 101,2/4/2021,62
815,Safety Training,6/5/2019,72
816,Customer Service Excellence,9/14/2017,63
816,Cybersecurity Awareness,12/7/2022,94
816,Customer Service Excellence,12/11/2019,75
817,Safety Training,12/28/2024,92
817,Leadership 101,9/29/2022,89
817,Excel Advanced,11/18/2024,77
818,Cybersecurity Awareness,11/20/2015,92
819,Customer Service Excellence,5/25/2015,65
819,Safety Training,10/28/2024,92
819,Excel Advanced,6/15/2021,75
820,Safety Training,6/4/2022,64
820,Excel Advanced,7/14/2015,94
821,Leadership 101,9/16/2024,71
822,Safety Training,11/15/2023,84
822,Customer Service Excellence,11/29/2023,76
823,Project Management Basics,7/23/2018,87
824,Excel Advanced,7/19/2019,94
824,Customer Service Excellence,3/9/2016,74
825,Cybersecurity Awareness,2/2/2020,66
826,Cybersecurity Awareness,9/30/2024,85
826,Safety Training,10/27/2022,99
827,Project Management Basics,3/30/2018,75
827,Excel Advanced,10/10/2022,89
828,Cybersecurity Awareness,9/15/2018,70
829,Customer Service Excellence,9/19/2022,97
829,Cybersecurity Awareness,2/10/2024,99
830,Excel Advanced,7/21/2020,78
830,Project Management Basics,3/18/2017,72
830,Project Management Basics,7/23/2024,62
831,Project Management Basics,7/20/2021,79
831,Customer Service Excellence,2/19/2023,62
832,Customer Service Excellence,4/18/2015,96
832,Project Management Basics,9/24/2016,97
833,Customer Service Excellence,8/18/2016,64
833,Project Management Basics,2/4/2018,68
834,Cybersecurity Awareness,7/12/2021,71
835,Safety Training,3/23/2018,92
836,Leadership 101,1/2/2020,88
837,Customer Service Excellence,11/25/2019,77
837,Project Management Basics,11/9/2024,83
838,Project Management Basics,8/24/2015,64
838,Cybersecurity Awareness,1/23/2023,78
839,Excel Advanced,10/6/2021,74
839,Safety Training,5/8/2016,94
840,Cybersecurity Awareness,9/15/2022,65
841,Safety Training,6/6/2016,81
842,Leadership 101,11/26/2024,73
842,Project Management Basics,9/26/2016,68
842,Cybersecurity Awareness,12/17/2019,75
843,Safety Training,9/3/2017,76
843,Customer Service Excellence,8/6/2018,70
844,Cybersecurity Awareness,10/29/2021,93
844,Excel Advanced,5/2/2023,67
844,Excel Advanced,3/16/2018,92
845,Leadership 101,10/31/2018,82
845,Leadership 101,5/20/2016,61
846,Customer Service Excellence,11/16/2023,66
847,Cybersecurity Awareness,2/21/2018,88
848,Customer Service Excellence,3/11/2024,94
848,Excel Advanced,7/9/2017,63
848,Project Management Basics,4/1/2021,97
849,Safety Training,11/29/2022,60
850,Project Management Basics,8/16/2017,78
850,Cybersecurity Awareness,8/25/2021,91
851,Cybersecurity Awareness,9/9/2020,92
851,Excel Advanced,2/2/2019,60
852,Excel Advanced,12/5/2017,94
853,Cybersecurity Awareness,7/12/2021,93
854,Customer Service Excellence,12/21/2020,60
855,Project Management Basics,1/30/2022,71
855,Leadership 101,9/17/2015,75
855,Project Management Basics,4/18/2018,70
856,Project Management Basics,3/25/2015,85
856,Cybersecurity Awareness,3/25/2018,67
857,Safety Training,6/28/2019,85
857,Project Management Basics,2/18/2023,92
858,Leadership 101,2/8/2021,66
859,Leadership 101,3/24/2017,95
859,Leadership 101,6/14/2017,80
860,Customer Service Excellence,10/20/2022,82
861,Leadership 101,6/20/2022,66
861,Excel Advanced,11/7/2020,99
862,Project Management Basics,3/25/2020,76
863,Project Management Basics,1/12/2017,84
863,Cybersecurity Awareness,8/9/2018,74
863,Customer Service Excellence,10/25/2024,70
864,Customer Service Excellence,11/6/2017,83
864,Excel Advanced,9/28/2019,91
865,Project Management Basics,10/24/2017,84
865,Excel Advanced,4/5/2023,80
865,Safety Training,2/3/2019,88
866,Leadership 101,11/6/2020,88
866,Safety Training,9/1/2016,73
867,Excel Advanced,7/13/2016,75
867,Excel Advanced,1/14/2022,73
868,Excel Advanced,12/9/2016,99
868,Excel Advanced,1/6/2024,76
868,Excel Advanced,2/13/2016,73
869,Leadership 101,6/22/2022,81
869,Customer Service Excellence,12/6/2024,64
869,Excel Advanced,11/21/2020,87
870,Customer Service Excellence,2/18/2018,80
871,Leadership 101,10/23/2021,80
872,Cybersecurity Awareness,12/26/2022,97
873,Excel Advanced,3/26/2021,61
874,Customer Service Excellence,6/20/2015,69
874,Project Management Basics,2/4/2015,68
874,Leadership 101,4/6/2018,91
875,Cybersecurity Awareness,3/2/2022,93
876,Excel Advanced,7/18/2020,91
877,Cybersecurity Awareness,3/19/2018,84
877,Project Management Basics,7/31/2021,80
878,Safety Training,6/22/2020,91
879,Safety Training,8/17/2021,87
880,Safety Training,10/12/2017,73
880,Project Management Basics,3/12/2021,83
880,Leadership 101,11/9/2017,91
881,Safety Training,10/19/2021,60
881,Leadership 101,4/27/2023,96
882,Customer Service Excellence,7/29/2022,99
882,Cybersecurity Awareness,8/29/2016,87
883,Cybersecurity Awareness,11/22/2015,74
883,Safety Training,6/27/2022,86
884,Leadership 101,2/9/2016,78
884,Project Management Basics,8/2/2016,81
885,Excel Advanced,5/30/2021,74
885,Project Management Basics,11/22/2015,70
885,Excel Advanced,1/10/2020,89
886,Cybersecurity Awareness,1/26/2023,65
886,Safety Training,3/16/2017,85
887,Project Management Basics,5/28/2016,63
887,Excel Advanced,5/18/2016,64
887,Leadership 101,12/9/2024,94
888,Customer Service Excellence,12/23/2017,75
889,Safety Training,8/25/2015,71
889,Customer Service Excellence,6/27/2020,68
890,Excel Advanced,12/5/2019,85
890,Project Management Basics,12/17/2018,63
890,Safety Training,3/23/2021,87
891,Excel Advanced,7/27/2020,94
892,Customer Service Excellence,10/2/2021,98
892,Excel Advanced,5/2/2020,73
892,Customer Service Excellence,6/9/2019,95
893,Cybersecurity Awareness,7/28/2022,99
893,Cybersecurity Awareness,12/1/2020,74
894,Project Management Basics,11/2/2015,89
894,Excel Advanced,9/14/2016,71
894,Cybersecurity Awareness,10/17/2021,64
895,Excel Advanced,4/29/2024,85
895,Excel Advanced,5/1/2021,99
895,Excel Advanced,9/11/2023,94
896,Cybersecurity Awareness,8/28/2022,92
897,Customer Service Excellence,3/25/2020,63
897,Cybersecurity Awareness,9/2/2024,69
898,Project Management Basics,4/22/2022,60
899,Customer Service Excellence,6/27/2015,68
899,Safety Training,3/19/2024,82
899,Leadership 101,9/10/2021,64
900,Cybersecurity Awareness,9/29/2016,69
901,Cybersecurity Awareness,3/3/2024,84
902,Safety Training,9/17/2021,87
903,Excel Advanced,5/19/2015,88
904,Project Management Basics,10/23/2022,64
905,Project Management Basics,6/6/2021,95
906,Project Management Basics,10/7/2016,74
906,Safety Training,10/20/2023,68
906,Excel Advanced,3/5/2022,64
907,Safety Training,4/29/2020,82
907,Excel Advanced,5/16/2018,98
908,Cybersecurity Awareness,2/20/2024,86
908,Cybersecurity Awareness,9/2/2017,80
908,Customer Service Excellence,3/9/2018,68
909,Safety Training,9/27/2023,88
910,Excel Advanced,1/18/2016,82
910,Customer Service Excellence,11/28/2017,83
911,Cybersecurity Awareness,5/10/2019,90
911,Excel Advanced,2/9/2020,86
912,Leadership 101,12/7/2017,98
912,Excel Advanced,9/10/2017,80
913,Leadership 101,8/19/2023,78
913,Cybersecurity Awareness,4/21/2023,99
913,Excel Advanced,3/27/2015,73
914,Cybersecurity Awareness,12/5/2023,87
914,Customer Service Excellence,8/10/2016,86
915,Project Management Basics,11/13/2023,98
915,Project Management Basics,3/12/2019,95
916,Safety Training,8/6/2016,87
916,Excel Advanced,8/14/2021,88
916,Project Management Basics,4/11/2023,98
917,Leadership 101,10/31/2017,96
918,Project Management Basics,6/2/2015,93
918,Customer Service Excellence,12/19/2019,61
919,Project Management Basics,10/21/2023,70
919,Project Management Basics,3/3/2021,91
919,Excel Advanced,12/26/2016,64
920,Customer Service Excellence,6/23/2021,78
920,Excel Advanced,12/7/2018,82
920,Safety Training,1/26/2020,68
921,Customer Service Excellence,5/12/2017,96
921,Leadership 101,8/15/2016,77
922,Safety Training,12/16/2020,91
922,Project Management Basics,4/17/2020,73
922,Leadership 101,3/30/2018,95
923,Excel Advanced,3/2/2023,71
923,Project Management Basics,11/15/2016,84
923,Safety Training,6/29/2017,79
924,Project Management Basics,3/4/2022,73
924,Excel Advanced,3/27/2018,72
925,Customer Service Excellence,8/27/2016,85
925,Safety Training,6/28/2021,84
926,Leadership 101,1/29/2021,99
926,Cybersecurity Awareness,6/22/2020,97
926,Leadership 101,7/22/2015,88
927,Leadership 101,8/31/2015,83
927,Project Management Basics,6/14/2022,70
927,Customer Service Excellence,1/23/2022,79
928,Customer Service Excellence,3/20/2018,95
929,Leadership 101,4/26/2022,86
929,Safety Training,4/10/2019,84
929,Project Management Basics,5/10/2016,92
930,Leadership 101,4/6/2023,98
930,Project Management Basics,10/27/2020,60
930,Safety Training,8/10/2024,75
931,Customer Service Excellence,12/18/2017,61
932,Cybersecurity Awareness,6/17/2017,74
933,Safety Training,3/17/2020,86
933,Excel Advanced,9/7/2023,94
934,Project Management Basics,6/30/2020,67
934,Project Management Basics,1/7/2015,63
934,Project Management Basics,9/19/2024,69
935,Cybersecurity Awareness,9/20/2020,91
936,Project Management Basics,1/9/2024,91
936,Leadership 101,11/26/2015,68
937,Safety Training,5/25/2018,75
938,Cybersecurity Awareness,7/3/2024,89
939,Project Management Basics,4/27/2021,66
939,Leadership 101,12/17/2016,67
940,Leadership 101,11/14/2015,69
941,Cybersecurity Awareness,10/2/2016,86
942,Project Management Basics,1/10/2019,73
942,Customer Service Excellence,9/1/2017,65
942,Safety Training,2/21/2015,61
943,Excel Advanced,12/1/2024,91
944,Cybersecurity Awareness,8/4/2017,64
944,Project Management Basics,3/11/2021,87
945,Customer Service Excellence,3/29/2021,62
946,Customer Service Excellence,1/13/2015,65
946,Safety Training,1/24/2022,73
947,Excel Advanced,4/18/2017,81
948,Project Management Basics,10/15/2015,89
949,Excel Advanced,9/29/2024,97
950,Excel Advanced,9/12/2015,80
950,Safety Training,7/2/2020,62
951,Customer Service Excellence,4/9/2016,98
951,Customer Service Excellence,7/17/2015,80
952,Project Management Basics,1/12/2020,99
953,Cybersecurity Awareness,7/21/2023,68
954,Customer Service Excellence,9/10/2018,66
955,Project Management Basics,9/22/2020,97
955,Safety Training,1/4/2017,63
956,Excel Advanced,3/21/2022,74
956,Leadership 101,3/21/2024,72
957,Project Management Basics,5/5/2016,85
957,Customer Service Excellence,12/23/2021,60
957,Safety Training,11/29/2015,84
958,Project Management Basics,6/22/2023,83
959,Excel Advanced,5/25/2024,98
959,Customer Service Excellence,3/3/2023,89
959,Cybersecurity Awareness,7/21/2024,69
960,Excel Advanced,6/21/2021,60
961,Leadership 101,9/15/2022,88
961,Safety Training,10/23/2020,76
962,Cybersecurity Awareness,2/7/2015,65
962,Excel Advanced,8/18/2024,79
963,Excel Advanced,8/1/2019,90
963,Cybersecurity Awareness,3/7/2024,76
964,Customer Service Excellence,3/3/2021,64
965,Excel Advanced,7/1/2019,79
965,Customer Service Excellence,9/6/2019,74
965,Cybersecurity Awareness,9/8/2018,62
966,Safety Training,6/26/2024,70
966,Excel Advanced,5/22/2020,72
966,Safety Training,10/9/2016,81
967,Safety Training,6/22/2016,85
967,Cybersecurity Awareness,7/26/2018,98
968,Project Management Basics,11/29/2021,60
968,Excel Advanced,5/29/2019,63
968,Leadership 101,7/18/2024,63
969,Customer Service Excellence,10/21/2020,74
970,Leadership 101,6/2/2023,74
971,Excel Advanced,12/26/2020,65
972,Customer Service Excellence,6/6/2023,63
972,Leadership 101,8/4/2022,60
972,Excel Advanced,11/26/2016,82
973,Cybersecurity Awareness,7/12/2023,87
974,Customer Service Excellence,1/21/2022,82
975,Customer Service Excellence,10/9/2017,65
976,Customer Service Excellence,5/12/2022,81
977,Safety Training,9/22/2019,82
977,Safety Training,6/12/2021,90
978,Safety Training,11/2/2023,86
978,Customer Service Excellence,12/17/2018,72
979,Customer Service Excellence,11/6/2022,92
979,Safety Training,7/5/2019,72
979,Excel Advanced,8/4/2018,66
980,Project Management Basics,6/20/2021,80
980,Project Management Basics,6/29/2018,72
980,Cybersecurity Awareness,1/13/2017,98
981,Project Management Basics,5/13/2022,88
981,Cybersecurity Awareness,9/2/2018,88
981,Customer Service Excellence,3/19/2024,66
982,Excel Advanced,3/12/2021,87
982,Customer Service Excellence,8/3/2015,95
983,Leadership 101,3/18/2021,63
983,Cybersecurity Awareness,10/14/2019,64
984,Excel Advanced,10/20/2017,83
984,Project Management Basics,3/11/2017,81
985,Safety Training,10/7/2016,83
985,Customer Service Excellence,9/15/2017,91
985,Excel Advanced,9/20/2016,89
986,Project Management Basics,8/26/2021,62
986,Leadership 101,8/27/2023,87
987,Safety Training,1/9/2018,61
988,Safety Training,11/17/2020,73
988,Project Management Basics,4/28/2019,91
988,Leadership 101,6/29/2024,82
989,Cybersecurity Awareness,1/10/2022,80
989,Customer Service Excellence,9/2/2023,82
990,Leadership 101,6/2/2020,84
990,Cybersecurity Awareness,5/27/2021,94
991,Project Management Basics,7/29/2019,64
992,Safety Training,8/7/2023,84
993,Cybersecurity Awareness,7/17/2021,97
993,Cybersecurity Awareness,9/18/2018,98
993,Customer Service Excellence,11/10/2018,81
994,Safety Training,8/23/2018,61
995,Customer Service Excellence,6/27/2016,67
996,Safety Training,10/23/2020,91
997,Customer Service Excellence,8/5/2015,79
998,Leadership 101,6/6/2023,84
999,Customer Service Excellence,6/10/2019,61
1000,Cybersecurity Awareness,3/16/2018,65
